event_id,dataset,date,disp_mm,source_file,lat,lon
2018-03-01_west_whiteland_chester,ARIA_S1_GUNW,2017-10-20,11.146414944767828,/scratch/rjn5308/sinkholes/outputs/sinkhole_event_discovery_aria_expand/2018-03-01_west_whiteland_chester/downloads/aria_s1_gunw/S1-GUNW-A-R-106-tops-20171020_20150317-225900-00077W_00039N-PP-eef8-v3_0_0.nc,40.0242,-75.6022
2018-03-01_west_whiteland_chester,ARIA_S1_GUNW,2017-11-01,26.13550558639696,/scratch/rjn5308/sinkholes/outputs/sinkhole_event_discovery_aria_expand/2018-03-01_west_whiteland_chester/downloads/aria_s1_gunw/S1-GUNW-A-R-106-tops-20171101_20161001-225900-00077W_00039N-PP-62d1-v3_0_0.nc,40.0242,-75.6022
2018-03-01_west_whiteland_chester,ARIA_S1_GUNW,2017-11-13,-17.9248124124743,/scratch/rjn5308/sinkholes/outputs/sinkhole_event_discovery_aria_expand/2018-03-01_west_whiteland_chester/downloads/aria_s1_gunw/S1-GUNW-A-R-106-tops-20171113_20161013-225859-00077W_00039N-PP-4f57-v3_0_0.nc,40.0242,-75.6022
2018-03-01_west_whiteland_chester,ARIA_S1_GUNW,2017-11-25,-19.50874147722726,/scratch/rjn5308/sinkholes/outputs/sinkhole_event_discovery_aria_expand/2018-03-01_west_whiteland_chester/downloads/aria_s1_gunw/S1-GUNW-A-R-106-tops-20171125_20161025-225859-00077W_00039N-PP-598a-v3_0_0.nc,40.0242,-75.6022
2018-03-01_west_whiteland_chester,ARIA_S1_GUNW,2017-12-07,-8.59537372530513,/scratch/rjn5308/sinkholes/outputs/sinkhole_event_discovery_aria_expand/2018-03-01_west_whiteland_chester/downloads/aria_s1_gunw/S1-GUNW-A-R-106-tops-20171207_20161106-225859-00077W_00039N-PP-4e79-v3_0_0.nc,40.0242,-75.6022
2018-03-01_west_whiteland_chester,ARIA_S1_GUNW,2017-12-19,-7.3010330700391215,/scratch/rjn5308/sinkholes/outputs/sinkhole_event_discovery_aria_expand/2018-03-01_west_whiteland_chester/downloads/aria_s1_gunw/S1-GUNW-A-R-106-tops-20171219_20161118-225858-00077W_00039N-PP-7287-v3_0_0.nc,40.0242,-75.6022
2018-03-01_west_whiteland_chester,ARIA_S1_GUNW,2017-12-31,34.116455842239645,/scratch/rjn5308/sinkholes/outputs/sinkhole_event_discovery_aria_expand/2018-03-01_west_whiteland_chester/downloads/aria_s1_gunw/S1-GUNW-A-R-106-tops-20171231_20161130-225858-00077W_00039N-PP-c4e9-v3_0_0.nc,40.0242,-75.6022
2018-03-01_west_whiteland_chester,ARIA_S1_GUNW,2018-01-12,-16.348618593874622,/scratch/rjn5308/sinkholes/outputs/sinkhole_event_discovery_aria_expand/2018-03-01_west_whiteland_chester/downloads/aria_s1_gunw/S1-GUNW-A-R-106-tops-20180112_20161212-225857-00077W_00039N-PP-3246-v3_0_0.nc,40.0242,-75.6022
2018-03-01_west_whiteland_chester,ARIA_S1_GUNW,2018-01-24,-1.5805123835719286,/scratch/rjn5308/sinkholes/outputs/sinkhole_event_discovery_aria_expand/2018-03-01_west_whiteland_chester/downloads/aria_s1_gunw/S1-GUNW-A-R-106-tops-20180124_20161224-225857-00077W_00039N-PP-0383-v3_0_0.nc,40.0242,-75.6022
2018-03-01_west_whiteland_chester,ARIA_S1_GUNW,2018-02-05,-15.627576981374018,/scratch/rjn5308/sinkholes/outputs/sinkhole_event_discovery_aria_expand/2018-03-01_west_whiteland_chester/downloads/aria_s1_gunw/S1-GUNW-A-R-106-tops-20180205_20170105-225857-00077W_00039N-PP-7571-v3_0_0.nc,40.0242,-75.6022
2018-03-01_west_whiteland_chester,ARIA_S1_GUNW,2018-02-17,38.667191921737995,/scratch/rjn5308/sinkholes/outputs/sinkhole_event_discovery_aria_expand/2018-03-01_west_whiteland_chester/downloads/aria_s1_gunw/S1-GUNW-A-R-106-tops-20180217_20170117-225856-00077W_00039N-PP-6336-v3_0_0.nc,40.0242,-75.6022
2018-03-01_west_whiteland_chester,ARIA_S1_GUNW,2018-03-01,-3.128696997997121,/scratch/rjn5308/sinkholes/outputs/sinkhole_event_discovery_aria_expand/2018-03-01_west_whiteland_chester/downloads/aria_s1_gunw/S1-GUNW-A-R-106-tops-20180301_20170129-225856-00077W_00039N-PP-2850-v3_0_0.nc,40.0242,-75.6022
2018-03-01_west_whiteland_chester,ARIA_S1_GUNW,2018-03-13,-7.341393027813306,/scratch/rjn5308/sinkholes/outputs/sinkhole_event_discovery_aria_expand/2018-03-01_west_whiteland_chester/downloads/aria_s1_gunw/S1-GUNW-A-R-106-tops-20180313_20170129-225857-00077W_00039N-PP-9edd-v3_0_0.nc,40.0242,-75.6022
2018-03-01_west_whiteland_chester,ARIA_S1_GUNW,2018-03-25,-1.783871383679103,/scratch/rjn5308/sinkholes/outputs/sinkhole_event_discovery_aria_expand/2018-03-01_west_whiteland_chester/downloads/aria_s1_gunw/S1-GUNW-A-R-106-tops-20180325_20170210-225857-00077W_00039N-PP-2ca3-v3_0_0.nc,40.0242,-75.6022
2018-03-01_west_whiteland_chester,ARIA_S1_GUNW,2018-04-06,6.540340686843591,/scratch/rjn5308/sinkholes/outputs/sinkhole_event_discovery_aria_expand/2018-03-01_west_whiteland_chester/downloads/aria_s1_gunw/S1-GUNW-A-R-106-tops-20180406_20170222-225857-00077W_00039N-PP-748e-v3_0_0.nc,40.0242,-75.6022
2018-03-01_west_whiteland_chester,ARIA_S1_GUNW,2018-04-18,31.883079890885067,/scratch/rjn5308/sinkholes/outputs/sinkhole_event_discovery_aria_expand/2018-03-01_west_whiteland_chester/downloads/aria_s1_gunw/S1-GUNW-A-R-106-tops-20180418_20170318-225857-00077W_00039N-PP-20c5-v3_0_0.nc,40.0242,-75.6022
2018-03-01_west_whiteland_chester,ARIA_S1_GUNW,2018-04-30,11.408795210318669,/scratch/rjn5308/sinkholes/outputs/sinkhole_event_discovery_aria_expand/2018-03-01_west_whiteland_chester/downloads/aria_s1_gunw/S1-GUNW-A-R-106-tops-20180430_20170330-225858-00077W_00039N-PP-a66f-v3_0_0.nc,40.0242,-75.6022
2018-03-01_west_whiteland_chester,ARIA_S1_GUNW,2018-05-12,-26.69386063060432,/scratch/rjn5308/sinkholes/outputs/sinkhole_event_discovery_aria_expand/2018-03-01_west_whiteland_chester/downloads/aria_s1_gunw/S1-GUNW-A-R-106-tops-20180512_20170411-225859-00077W_00039N-PP-caf2-v3_0_0.nc,40.0242,-75.6022
2018-03-01_west_whiteland_chester,ARIA_S1_GUNW,2018-05-24,-33.04594663324521,/scratch/rjn5308/sinkholes/outputs/sinkhole_event_discovery_aria_expand/2018-03-01_west_whiteland_chester/downloads/aria_s1_gunw/S1-GUNW-A-R-106-tops-20180524_20170423-225859-00077W_00039N-PP-e481-v3_0_0.nc,40.0242,-75.6022
2018-07-26_codorus_creek_york,ARIA_S1_GUNW,2018-07-11,16.23815809945975,/scratch/rjn5308/sinkholes/outputs/sinkhole_event_discovery_aria_expand/2018-07-26_codorus_creek_york/downloads/aria_s1_gunw/S1-GUNW-A-R-106-tops-20180711_20170809-225914-00077W_00039N-PP-137f-v2_0_5.nc,39.9634,-76.7305
2018-07-26_codorus_creek_york,ARIA_S1_GUNW,2018-07-16,-23.35515106775308,/scratch/rjn5308/sinkholes/outputs/sinkhole_event_discovery_aria_expand/2018-07-26_codorus_creek_york/downloads/aria_s1_gunw/S1-GUNW-A-R-004-tops-20180716_20170615-230704-00079W_00039N-PP-cdc5-v3_0_0.nc,39.9634,-76.7305
2018-07-26_codorus_creek_york,ARIA_S1_GUNW,2018-07-23,32.33860438808114,/scratch/rjn5308/sinkholes/outputs/sinkhole_event_discovery_aria_expand/2018-07-26_codorus_creek_york/downloads/aria_s1_gunw/S1-GUNW-A-R-106-tops-20180723_20170809-225915-00077W_00039N-PP-be9c-v2_0_5.nc,39.9634,-76.7305
2018-07-26_codorus_creek_york,ARIA_S1_GUNW,2018-07-28,-110.25066349036024,/scratch/rjn5308/sinkholes/outputs/sinkhole_event_discovery_aria_expand/2018-07-26_codorus_creek_york/downloads/aria_s1_gunw/S1-GUNW-A-R-004-tops-20180728_20170721-230717-40636N_38764N-PP-d3d5-v2_0_4.nc,39.9634,-76.7305
2018-07-26_codorus_creek_york,ARIA_S1_GUNW,2018-08-04,33.40514594018672,/scratch/rjn5308/sinkholes/outputs/sinkhole_event_discovery_aria_expand/2018-07-26_codorus_creek_york/downloads/aria_s1_gunw/S1-GUNW-A-R-106-tops-20180804_20170902-225916-00077W_00039N-PP-f84e-v2_0_5.nc,39.9634,-76.7305
2018-07-26_codorus_creek_york,ARIA_S1_GUNW,2018-08-09,-78.94724058074775,/scratch/rjn5308/sinkholes/outputs/sinkhole_event_discovery_aria_expand/2018-07-26_codorus_creek_york/downloads/aria_s1_gunw/S1-GUNW-A-R-004-tops-20180809_20170802-230718-40636N_38764N-PP-356f-v2_0_4.nc,39.9634,-76.7305
2018-07-26_codorus_creek_york,ARIA_S1_GUNW,2018-08-16,-48.37696232192685,/scratch/rjn5308/sinkholes/outputs/sinkhole_event_discovery_aria_expand/2018-07-26_codorus_creek_york/downloads/aria_s1_gunw/S1-GUNW-A-R-106-tops-20180816_20170914-225916-00077W_00039N-PP-cdca-v2_0_5.nc,39.9634,-76.7305
2018-07-26_codorus_creek_york,ARIA_S1_GUNW,2018-08-21,-156.61355977889178,/scratch/rjn5308/sinkholes/outputs/sinkhole_event_discovery_aria_expand/2018-07-26_codorus_creek_york/downloads/aria_s1_gunw/S1-GUNW-A-R-004-tops-20180821_20170814-230719-40635N_38764N-PP-e2b6-v2_0_4.nc,39.9634,-76.7305
2018-07-26_codorus_creek_york,ARIA_S1_GUNW,2018-09-02,-57.866864720783,/scratch/rjn5308/sinkholes/outputs/sinkhole_event_discovery_aria_expand/2018-07-26_codorus_creek_york/downloads/aria_s1_gunw/S1-GUNW-A-R-004-tops-20180902_20170826-230720-40636N_38764N-PP-ca34-v2_0_4.nc,39.9634,-76.7305
2018-07-26_codorus_creek_york,ARIA_S1_GUNW,2018-09-09,149.46406108656473,/scratch/rjn5308/sinkholes/outputs/sinkhole_event_discovery_aria_expand/2018-07-26_codorus_creek_york/downloads/aria_s1_gunw/S1-GUNW-A-R-106-tops-20180909_20171008-225902-00077W_00038N-PP-446d-v2_0_5.nc,39.9634,-76.7305
2018-07-26_codorus_creek_york,ARIA_S1_GUNW,2018-09-21,6.264860730335778,/scratch/rjn5308/sinkholes/outputs/sinkhole_event_discovery_aria_expand/2018-07-26_codorus_creek_york/downloads/aria_s1_gunw/S1-GUNW-A-R-106-tops-20180921_20171020-225918-00077W_00039N-PP-3b69-v2_0_5.nc,39.9634,-76.7305
2018-07-26_codorus_creek_york,ARIA_S1_GUNW,2018-09-26,-46.25918123202273,/scratch/rjn5308/sinkholes/outputs/sinkhole_event_discovery_aria_expand/2018-07-26_codorus_creek_york/downloads/aria_s1_gunw/S1-GUNW-A-R-004-tops-20180926_20170919-230720-40636N_38764N-PP-8f8d-v2_0_4.nc,39.9634,-76.7305
2018-07-26_codorus_creek_york,ARIA_S1_GUNW,2018-10-03,-29.721922034027735,/scratch/rjn5308/sinkholes/outputs/sinkhole_event_discovery_aria_expand/2018-07-26_codorus_creek_york/downloads/aria_s1_gunw/S1-GUNW-A-R-106-tops-20181003_20170222-225906-00077W_00039N-PP-b147-v3_0_0.nc,39.9634,-76.7305
2018-07-26_codorus_creek_york,ARIA_S1_GUNW,2018-10-08,5.7050567753324835,/scratch/rjn5308/sinkholes/outputs/sinkhole_event_discovery_aria_expand/2018-07-26_codorus_creek_york/downloads/aria_s1_gunw/S1-GUNW-A-R-004-tops-20181008_20170919-230720-40636N_38764N-PP-3a01-v2_0_2.nc,39.9634,-76.7305
2018-07-26_codorus_creek_york,ARIA_S1_GUNW,2018-10-15,-7.872976917895831,/scratch/rjn5308/sinkholes/outputs/sinkhole_event_discovery_aria_expand/2018-07-26_codorus_creek_york/downloads/aria_s1_gunw/S1-GUNW-A-R-106-tops-20181015_20170318-225906-00077W_00039N-PP-664e-v3_0_0.nc,39.9634,-76.7305
2018-07-26_codorus_creek_york,ARIA_S1_GUNW,2018-10-20,14.389660661137093,/scratch/rjn5308/sinkholes/outputs/sinkhole_event_discovery_aria_expand/2018-07-26_codorus_creek_york/downloads/aria_s1_gunw/S1-GUNW-A-R-004-tops-20181020_20171001-230708-00079W_00039N-PP-ea51-v3_0_0.nc,39.9634,-76.7305
2018-08-10_tanger_outlets_lancaster,ARIA_S1_GUNW,2018-07-28,47.502498325131995,/scratch/rjn5308/sinkholes/outputs/sinkhole_event_discovery_aria_expand/2018-08-10_tanger_outlets_lancaster/downloads/aria_s1_gunw/S1-GUNW-A-R-004-tops-20180728_20171224-230730-00080W_00040N-PP-d987-v3_0_0.nc,40.0305,-76.2164
2018-08-10_tanger_outlets_lancaster,ARIA_S1_GUNW,2018-08-04,77.51563247536713,/scratch/rjn5308/sinkholes/outputs/sinkhole_event_discovery_aria_expand/2018-08-10_tanger_outlets_lancaster/downloads/aria_s1_gunw/S1-GUNW-A-R-106-tops-20180804_20170902-225916-00077W_00039N-PP-f84e-v2_0_5.nc,40.0305,-76.2164
2018-08-10_tanger_outlets_lancaster,ARIA_S1_GUNW,2018-08-09,-17.121917869878505,/scratch/rjn5308/sinkholes/outputs/sinkhole_event_discovery_aria_expand/2018-08-10_tanger_outlets_lancaster/downloads/aria_s1_gunw/S1-GUNW-A-R-004-tops-20180809_20170802-230718-40636N_38764N-PP-356f-v2_0_4.nc,40.0305,-76.2164
2018-08-10_tanger_outlets_lancaster,ARIA_S1_GUNW,2018-08-16,-44.52299859909723,/scratch/rjn5308/sinkholes/outputs/sinkhole_event_discovery_aria_expand/2018-08-10_tanger_outlets_lancaster/downloads/aria_s1_gunw/S1-GUNW-A-R-106-tops-20180816_20170914-225916-00077W_00039N-PP-cdca-v2_0_5.nc,40.0305,-76.2164
2018-08-10_tanger_outlets_lancaster,ARIA_S1_GUNW,2018-08-21,-149.89652726355055,/scratch/rjn5308/sinkholes/outputs/sinkhole_event_discovery_aria_expand/2018-08-10_tanger_outlets_lancaster/downloads/aria_s1_gunw/S1-GUNW-A-R-004-tops-20180821_20170814-230719-40635N_38764N-PP-e2b6-v2_0_4.nc,40.0305,-76.2164
2018-08-10_tanger_outlets_lancaster,ARIA_S1_GUNW,2018-09-02,-60.003388988134496,/scratch/rjn5308/sinkholes/outputs/sinkhole_event_discovery_aria_expand/2018-08-10_tanger_outlets_lancaster/downloads/aria_s1_gunw/S1-GUNW-A-R-004-tops-20180902_20170826-230720-40636N_38764N-PP-ca34-v2_0_4.nc,40.0305,-76.2164
2018-08-10_tanger_outlets_lancaster,ARIA_S1_GUNW,2018-09-09,154.17991192352451,/scratch/rjn5308/sinkholes/outputs/sinkhole_event_discovery_aria_expand/2018-08-10_tanger_outlets_lancaster/downloads/aria_s1_gunw/S1-GUNW-A-R-106-tops-20180909_20171008-225902-00077W_00038N-PP-446d-v2_0_5.nc,40.0305,-76.2164
2018-08-10_tanger_outlets_lancaster,ARIA_S1_GUNW,2018-09-21,-15.816753556130388,/scratch/rjn5308/sinkholes/outputs/sinkhole_event_discovery_aria_expand/2018-08-10_tanger_outlets_lancaster/downloads/aria_s1_gunw/S1-GUNW-A-R-106-tops-20180921_20171020-225918-00077W_00039N-PP-3b69-v2_0_5.nc,40.0305,-76.2164
2018-08-10_tanger_outlets_lancaster,ARIA_S1_GUNW,2018-09-26,-57.648235032746825,/scratch/rjn5308/sinkholes/outputs/sinkhole_event_discovery_aria_expand/2018-08-10_tanger_outlets_lancaster/downloads/aria_s1_gunw/S1-GUNW-A-R-004-tops-20180926_20170919-230720-40636N_38764N-PP-8f8d-v2_0_4.nc,40.0305,-76.2164
2018-08-10_tanger_outlets_lancaster,ARIA_S1_GUNW,2018-10-03,-15.143217474558904,/scratch/rjn5308/sinkholes/outputs/sinkhole_event_discovery_aria_expand/2018-08-10_tanger_outlets_lancaster/downloads/aria_s1_gunw/S1-GUNW-A-R-106-tops-20181003_20170222-225906-00077W_00039N-PP-b147-v3_0_0.nc,40.0305,-76.2164
2018-08-10_tanger_outlets_lancaster,ARIA_S1_GUNW,2018-10-08,48.904765986894986,/scratch/rjn5308/sinkholes/outputs/sinkhole_event_discovery_aria_expand/2018-08-10_tanger_outlets_lancaster/downloads/aria_s1_gunw/S1-GUNW-A-R-004-tops-20181008_20170919-230720-40636N_38764N-PP-3a01-v2_0_2.nc,40.0305,-76.2164
2018-08-10_tanger_outlets_lancaster,ARIA_S1_GUNW,2018-10-15,-20.23441412873986,/scratch/rjn5308/sinkholes/outputs/sinkhole_event_discovery_aria_expand/2018-08-10_tanger_outlets_lancaster/downloads/aria_s1_gunw/S1-GUNW-A-R-106-tops-20181015_20170318-225906-00077W_00039N-PP-664e-v3_0_0.nc,40.0305,-76.2164
2018-08-10_tanger_outlets_lancaster,ARIA_S1_GUNW,2018-10-20,19.55062510790967,/scratch/rjn5308/sinkholes/outputs/sinkhole_event_discovery_aria_expand/2018-08-10_tanger_outlets_lancaster/downloads/aria_s1_gunw/S1-GUNW-A-R-004-tops-20181020_20171001-230708-00079W_00039N-PP-ea51-v3_0_0.nc,40.0305,-76.2164
2018-08-10_tanger_outlets_lancaster,ARIA_S1_GUNW,2018-10-27,-11.709765361661166,/scratch/rjn5308/sinkholes/outputs/sinkhole_event_discovery_aria_expand/2018-08-10_tanger_outlets_lancaster/downloads/aria_s1_gunw/S1-GUNW-A-R-106-tops-20181027_20170330-225906-00077W_00039N-PP-1806-v3_0_0.nc,40.0305,-76.2164
2018-08-10_tanger_outlets_lancaster,ARIA_S1_GUNW,2018-11-01,38.86829568587338,/scratch/rjn5308/sinkholes/outputs/sinkhole_event_discovery_aria_expand/2018-08-10_tanger_outlets_lancaster/downloads/aria_s1_gunw/S1-GUNW-A-R-004-tops-20181101_20171001-230708-00079W_00039N-PP-c00d-v3_0_0.nc,40.0305,-76.2164
2018-08-10_tanger_outlets_lancaster,ARIA_S1_GUNW,2018-11-08,3.696994086904695,/scratch/rjn5308/sinkholes/outputs/sinkhole_event_discovery_aria_expand/2018-08-10_tanger_outlets_lancaster/downloads/aria_s1_gunw/S1-GUNW-A-R-106-tops-20181108_20171008-225906-00077W_00039N-PP-f634-v3_0_0.nc,40.0305,-76.2164
2020-08-28_packer_twp_carbon_county,ARIA_S1_GUNW,2020-06-06,10.420294773568983,/scratch/rjn5308/sinkholes/outputs/sinkhole_event_discovery_aria_expand/2020-08-28_packer_twp_carbon_county/downloads/aria_s1_gunw/S1-GUNW-A-R-106-tops-20200606_20190507-225938-00078W_00041N-PP-c4f0-v3_0_0.nc,40.9144,-75.8992
2020-08-28_packer_twp_carbon_county,ARIA_S1_GUNW,2020-06-18,-20.93871745198746,/scratch/rjn5308/sinkholes/outputs/sinkhole_event_discovery_aria_expand/2020-08-28_packer_twp_carbon_county/downloads/aria_s1_gunw/S1-GUNW-A-R-106-tops-20200618_20190519-225914-00077W_00039N-PP-8a1e-v3_0_0.nc,40.9144,-75.8992
2020-08-28_packer_twp_carbon_county,ARIA_S1_GUNW,2020-06-30,-58.62838106669496,/scratch/rjn5308/sinkholes/outputs/sinkhole_event_discovery_aria_expand/2020-08-28_packer_twp_carbon_county/downloads/aria_s1_gunw/S1-GUNW-A-R-106-tops-20200630_20190531-225914-00077W_00039N-PP-04bf-v3_0_0.nc,40.9144,-75.8992
2020-08-28_packer_twp_carbon_county,ARIA_S1_GUNW,2020-07-12,-25.820034744232675,/scratch/rjn5308/sinkholes/outputs/sinkhole_event_discovery_aria_expand/2020-08-28_packer_twp_carbon_county/downloads/aria_s1_gunw/S1-GUNW-A-R-106-tops-20200712_20190811-225927-00077W_00039N-PP-5acc-v2_0_5.nc,40.9144,-75.8992
2020-08-28_packer_twp_carbon_county,ARIA_S1_GUNW,2020-07-24,-19.74365035196773,/scratch/rjn5308/sinkholes/outputs/sinkhole_event_discovery_aria_expand/2020-08-28_packer_twp_carbon_county/downloads/aria_s1_gunw/S1-GUNW-A-R-106-tops-20200724_20190823-225928-00077W_00039N-PP-7bd6-v2_0_5.nc,40.9144,-75.8992
2020-08-28_packer_twp_carbon_county,ARIA_S1_GUNW,2020-08-05,14.386112093272052,/scratch/rjn5308/sinkholes/outputs/sinkhole_event_discovery_aria_expand/2020-08-28_packer_twp_carbon_county/downloads/aria_s1_gunw/S1-GUNW-A-R-106-tops-20200805_20190904-225932-00077W_00040N-PP-5af0-v2_0_5.nc,40.9144,-75.8992
2020-08-28_packer_twp_carbon_county,ARIA_S1_GUNW,2020-08-17,10.986136558880329,/scratch/rjn5308/sinkholes/outputs/sinkhole_event_discovery_aria_expand/2020-08-28_packer_twp_carbon_county/downloads/aria_s1_gunw/S1-GUNW-A-R-106-tops-20200817_20190916-225929-00077W_00039N-PP-f6b1-v2_0_5.nc,40.9144,-75.8992
2020-08-28_packer_twp_carbon_county,ARIA_S1_GUNW,2020-08-29,-52.430593533945874,/scratch/rjn5308/sinkholes/outputs/sinkhole_event_discovery_aria_expand/2020-08-28_packer_twp_carbon_county/downloads/aria_s1_gunw/S1-GUNW-A-R-106-tops-20200829_20190928-225930-00077W_00039N-PP-0da5-v2_0_5.nc,40.9144,-75.8992
2020-08-28_packer_twp_carbon_county,ARIA_S1_GUNW,2020-09-10,-112.69563306729576,/scratch/rjn5308/sinkholes/outputs/sinkhole_event_discovery_aria_expand/2020-08-28_packer_twp_carbon_county/downloads/aria_s1_gunw/S1-GUNW-A-R-106-tops-20200910_20191010-225930-00077W_00039N-PP-62e4-v2_0_5.nc,40.9144,-75.8992
2020-08-28_packer_twp_carbon_county,ARIA_S1_GUNW,2020-09-22,31.198282108032707,/scratch/rjn5308/sinkholes/outputs/sinkhole_event_discovery_aria_expand/2020-08-28_packer_twp_carbon_county/downloads/aria_s1_gunw/S1-GUNW-A-R-106-tops-20200922_20191022-225931-00077W_00039N-PP-ae8b-v2_0_5.nc,40.9144,-75.8992
2020-08-28_packer_twp_carbon_county,ARIA_S1_GUNW,2020-10-04,-8.868908287412156,/scratch/rjn5308/sinkholes/outputs/sinkhole_event_discovery_aria_expand/2020-08-28_packer_twp_carbon_county/downloads/aria_s1_gunw/S1-GUNW-A-R-106-tops-20201004_20191103-225931-00077W_00039N-PP-c5f7-v2_0_5.nc,40.9144,-75.8992
2020-08-28_packer_twp_carbon_county,ARIA_S1_GUNW,2020-10-16,25.55020459214025,/scratch/rjn5308/sinkholes/outputs/sinkhole_event_discovery_aria_expand/2020-08-28_packer_twp_carbon_county/downloads/aria_s1_gunw/S1-GUNW-A-R-106-tops-20201016_20191115-225931-00077W_00039N-PP-483a-v2_0_5.nc,40.9144,-75.8992
2020-08-28_packer_twp_carbon_county,ARIA_S1_GUNW,2020-10-28,64.37027134467404,/scratch/rjn5308/sinkholes/outputs/sinkhole_event_discovery_aria_expand/2020-08-28_packer_twp_carbon_county/downloads/aria_s1_gunw/S1-GUNW-A-R-106-tops-20201028_20191127-225931-00077W_00039N-PP-885c-v2_0_5.nc,40.9144,-75.8992
2020-08-28_packer_twp_carbon_county,ARIA_S1_GUNW,2020-11-09,-26.494955504362768,/scratch/rjn5308/sinkholes/outputs/sinkhole_event_discovery_aria_expand/2020-08-28_packer_twp_carbon_county/downloads/aria_s1_gunw/S1-GUNW-A-R-106-tops-20201109_20191209-225931-00077W_00039N-PP-7270-v2_0_5.nc,40.9144,-75.8992
2020-08-28_packer_twp_carbon_county,ARIA_S1_GUNW,2020-11-21,18.94703372082931,/scratch/rjn5308/sinkholes/outputs/sinkhole_event_discovery_aria_expand/2020-08-28_packer_twp_carbon_county/downloads/aria_s1_gunw/S1-GUNW-A-R-106-tops-20201121_20191221-225931-00077W_00039N-PP-f9ef-v2_0_5.nc,40.9144,-75.8992
2023-08-16_eisenhower_parking_deck_penn_state,ARIA_S1_GUNW,2022-08-24,-177.40591828671518,/scratch/rjn5308/sinkholes/outputs/sinkhole_event_discovery_aria_expand/2023-08-16_eisenhower_parking_deck_penn_state/downloads/aria_s1_gunw/S1-GUNW-A-R-004-tops-20220824_20220201-230756-00080W_00040N-PP-d851-v3_0_0.nc,40.8005,-77.8617
2023-08-16_eisenhower_parking_deck_penn_state,ARIA_S1_GUNW,2022-09-05,-43.04130198445725,/scratch/rjn5308/sinkholes/outputs/sinkhole_event_discovery_aria_expand/2023-08-16_eisenhower_parking_deck_penn_state/downloads/aria_s1_gunw/S1-GUNW-A-R-004-tops-20220905_20220731-230757-00080W_00040N-PP-52e3-v3_0_0.nc,40.8005,-77.8617
2023-08-16_eisenhower_parking_deck_penn_state,ARIA_S1_GUNW,2022-09-17,0.2294450213358883,/scratch/rjn5308/sinkholes/outputs/sinkhole_event_discovery_aria_expand/2023-08-16_eisenhower_parking_deck_penn_state/downloads/aria_s1_gunw/S1-GUNW-A-R-004-tops-20220917_20220812-230757-00080W_00040N-PP-e630-v3_0_0.nc,40.8005,-77.8617
2023-08-16_eisenhower_parking_deck_penn_state,ARIA_S1_GUNW,2022-09-29,23.758992832619253,/scratch/rjn5308/sinkholes/outputs/sinkhole_event_discovery_aria_expand/2023-08-16_eisenhower_parking_deck_penn_state/downloads/aria_s1_gunw/S1-GUNW-A-R-004-tops-20220929_20220824-230757-00080W_00040N-PP-6085-v3_0_0.nc,40.8005,-77.8617
2023-08-16_eisenhower_parking_deck_penn_state,ARIA_S1_GUNW,2022-10-11,-35.06605892084853,/scratch/rjn5308/sinkholes/outputs/sinkhole_event_discovery_aria_expand/2023-08-16_eisenhower_parking_deck_penn_state/downloads/aria_s1_gunw/S1-GUNW-A-R-004-tops-20221011_20220225-230757-00080W_00040N-PP-8b26-v3_0_0.nc,40.8005,-77.8617
2023-08-16_eisenhower_parking_deck_penn_state,ARIA_S1_GUNW,2022-10-23,-187.835885803432,/scratch/rjn5308/sinkholes/outputs/sinkhole_event_discovery_aria_expand/2023-08-16_eisenhower_parking_deck_penn_state/downloads/aria_s1_gunw/S1-GUNW-A-R-004-tops-20221023_20220309-230757-00080W_00040N-PP-0612-v3_0_0.nc,40.8005,-77.8617
2023-08-16_eisenhower_parking_deck_penn_state,ARIA_S1_GUNW,2022-11-04,-1.7673331620505357,/scratch/rjn5308/sinkholes/outputs/sinkhole_event_discovery_aria_expand/2023-08-16_eisenhower_parking_deck_penn_state/downloads/aria_s1_gunw/S1-GUNW-A-R-004-tops-20221104_20220321-230757-00080W_00040N-PP-3013-v3_0_0.nc,40.8005,-77.8617
2023-08-16_eisenhower_parking_deck_penn_state,ARIA_S1_GUNW,2022-11-16,34.228917012898904,/scratch/rjn5308/sinkholes/outputs/sinkhole_event_discovery_aria_expand/2023-08-16_eisenhower_parking_deck_penn_state/downloads/aria_s1_gunw/S1-GUNW-A-R-004-tops-20221116_20220414-230757-00080W_00040N-PP-dcda-v3_0_0.nc,40.8005,-77.8617
2023-08-16_eisenhower_parking_deck_penn_state,ARIA_S1_GUNW,2022-11-28,-16.489926357015385,/scratch/rjn5308/sinkholes/outputs/sinkhole_event_discovery_aria_expand/2023-08-16_eisenhower_parking_deck_penn_state/downloads/aria_s1_gunw/S1-GUNW-A-R-004-tops-20221128_20220414-230756-00080W_00040N-PP-4b62-v3_0_0.nc,40.8005,-77.8617
2023-08-16_eisenhower_parking_deck_penn_state,ARIA_S1_GUNW,2022-12-10,-17.822777924010772,/scratch/rjn5308/sinkholes/outputs/sinkhole_event_discovery_aria_expand/2023-08-16_eisenhower_parking_deck_penn_state/downloads/aria_s1_gunw/S1-GUNW-A-R-004-tops-20221210_20220414-230750-00080W_00040N-PP-8e5e-v3_0_0.nc,40.8005,-77.8617
2023-08-16_eisenhower_parking_deck_penn_state,ARIA_S1_GUNW,2022-12-22,138.83940039359453,/scratch/rjn5308/sinkholes/outputs/sinkhole_event_discovery_aria_expand/2023-08-16_eisenhower_parking_deck_penn_state/downloads/aria_s1_gunw/S1-GUNW-A-R-004-tops-20221222_20220426-230755-00080W_00040N-PP-fe76-v3_0_0.nc,40.8005,-77.8617
2023-08-16_eisenhower_parking_deck_penn_state,ARIA_S1_GUNW,2023-01-03,79.48464327973892,/scratch/rjn5308/sinkholes/outputs/sinkhole_event_discovery_aria_expand/2023-08-16_eisenhower_parking_deck_penn_state/downloads/aria_s1_gunw/S1-GUNW-A-R-004-tops-20230103_20220426-230755-00080W_00040N-PP-1a34-v3_0_0.nc,40.8005,-77.8617
2023-08-16_eisenhower_parking_deck_penn_state,ARIA_S1_GUNW,2023-01-15,-4.0910775533888915,/scratch/rjn5308/sinkholes/outputs/sinkhole_event_discovery_aria_expand/2023-08-16_eisenhower_parking_deck_penn_state/downloads/aria_s1_gunw/S1-GUNW-A-R-004-tops-20230115_20220508-230754-00080W_00040N-PP-77df-v3_0_0.nc,40.8005,-77.8617
2023-08-16_eisenhower_parking_deck_penn_state,ARIA_S1_GUNW,2023-01-27,74.57846284671352,/scratch/rjn5308/sinkholes/outputs/sinkhole_event_discovery_aria_expand/2023-08-16_eisenhower_parking_deck_penn_state/downloads/aria_s1_gunw/S1-GUNW-A-R-004-tops-20230127_20220625-230754-00080W_00040N-PP-2e98-v3_0_0.nc,40.8005,-77.8617
2023-08-16_eisenhower_parking_deck_penn_state,ARIA_S1_GUNW,2023-02-08,105.8111923877245,/scratch/rjn5308/sinkholes/outputs/sinkhole_event_discovery_aria_expand/2023-08-16_eisenhower_parking_deck_penn_state/downloads/aria_s1_gunw/S1-GUNW-A-R-004-tops-20230208_20220108-230753-00080W_00040N-PP-e279-v3_0_0.nc,40.8005,-77.8617
2023-08-16_eisenhower_parking_deck_penn_state,ARIA_S1_GUNW,2023-02-20,63.79737875508248,/scratch/rjn5308/sinkholes/outputs/sinkhole_event_discovery_aria_expand/2023-08-16_eisenhower_parking_deck_penn_state/downloads/aria_s1_gunw/S1-GUNW-A-R-004-tops-20230220_20220120-230753-00080W_00040N-PP-b095-v3_0_0.nc,40.8005,-77.8617
2023-08-16_eisenhower_parking_deck_penn_state,ARIA_S1_GUNW,2023-03-04,42.620953587587415,/scratch/rjn5308/sinkholes/outputs/sinkhole_event_discovery_aria_expand/2023-08-16_eisenhower_parking_deck_penn_state/downloads/aria_s1_gunw/S1-GUNW-A-R-004-tops-20230304_20220201-230753-00080W_00040N-PP-621e-v3_0_0.nc,40.8005,-77.8617
2023-08-16_eisenhower_parking_deck_penn_state,ARIA_S1_GUNW,2023-03-16,-23.81185069899585,/scratch/rjn5308/sinkholes/outputs/sinkhole_event_discovery_aria_expand/2023-08-16_eisenhower_parking_deck_penn_state/downloads/aria_s1_gunw/S1-GUNW-A-R-004-tops-20230316_20220213-230753-00080W_00040N-PP-471b-v3_0_0.nc,40.8005,-77.8617
2023-08-16_eisenhower_parking_deck_penn_state,ARIA_S1_GUNW,2023-03-28,-0.4302254195920992,/scratch/rjn5308/sinkholes/outputs/sinkhole_event_discovery_aria_expand/2023-08-16_eisenhower_parking_deck_penn_state/downloads/aria_s1_gunw/S1-GUNW-A-R-004-tops-20230328_20220225-230753-00080W_00040N-PP-9553-v3_0_0.nc,40.8005,-77.8617
2023-08-16_eisenhower_parking_deck_penn_state,ARIA_S1_GUNW,2023-04-09,-11.909837198049445,/scratch/rjn5308/sinkholes/outputs/sinkhole_event_discovery_aria_expand/2023-08-16_eisenhower_parking_deck_penn_state/downloads/aria_s1_gunw/S1-GUNW-A-R-004-tops-20230409_20230304-230754-00080W_00040N-PP-2a97-v3_0_0.nc,40.8005,-77.8617
2023-08-16_eisenhower_parking_deck_penn_state,ARIA_S1_GUNW,2023-04-21,3.2204814429175515,/scratch/rjn5308/sinkholes/outputs/sinkhole_event_discovery_aria_expand/2023-08-16_eisenhower_parking_deck_penn_state/downloads/aria_s1_gunw/S1-GUNW-A-R-004-tops-20230421_20230316-230754-00080W_00040N-PP-964f-v3_0_0.nc,40.8005,-77.8617
2023-08-16_eisenhower_parking_deck_penn_state,ARIA_S1_GUNW,2023-05-03,37.012219896534496,/scratch/rjn5308/sinkholes/outputs/sinkhole_event_discovery_aria_expand/2023-08-16_eisenhower_parking_deck_penn_state/downloads/aria_s1_gunw/S1-GUNW-A-R-004-tops-20230503_20230328-230754-00080W_00040N-PP-fe28-v3_0_0.nc,40.8005,-77.8617
2023-08-16_eisenhower_parking_deck_penn_state,ARIA_S1_GUNW,2023-05-15,32.70646557017333,/scratch/rjn5308/sinkholes/outputs/sinkhole_event_discovery_aria_expand/2023-08-16_eisenhower_parking_deck_penn_state/downloads/aria_s1_gunw/S1-GUNW-A-R-004-tops-20230515_20230409-230755-00080W_00040N-PP-c73b-v3_0_0.nc,40.8005,-77.8617
2023-08-16_eisenhower_parking_deck_penn_state,ARIA_S1_GUNW,2023-05-27,-8.156346383225243,/scratch/rjn5308/sinkholes/outputs/sinkhole_event_discovery_aria_expand/2023-08-16_eisenhower_parking_deck_penn_state/downloads/aria_s1_gunw/S1-GUNW-A-R-004-tops-20230527_20230421-230756-00080W_00040N-PP-1e9c-v3_0_0.nc,40.8005,-77.8617
2023-08-16_eisenhower_parking_deck_penn_state,ARIA_S1_GUNW,2023-06-08,-4.638497322439456,/scratch/rjn5308/sinkholes/outputs/sinkhole_event_discovery_aria_expand/2023-08-16_eisenhower_parking_deck_penn_state/downloads/aria_s1_gunw/S1-GUNW-A-R-004-tops-20230608_20220414-230756-00080W_00040N-PP-dbbc-v3_0_0.nc,40.8005,-77.8617
2023-08-16_eisenhower_parking_deck_penn_state,ARIA_S1_GUNW,2023-06-20,61.769000515627354,/scratch/rjn5308/sinkholes/outputs/sinkhole_event_discovery_aria_expand/2023-08-16_eisenhower_parking_deck_penn_state/downloads/aria_s1_gunw/S1-GUNW-A-R-004-tops-20230620_20220414-230757-00080W_00040N-PP-8a4c-v3_0_0.nc,40.8005,-77.8617
2023-08-16_eisenhower_parking_deck_penn_state,ARIA_S1_GUNW,2023-07-14,43.39266285247077,/scratch/rjn5308/sinkholes/outputs/sinkhole_event_discovery_aria_expand/2023-08-16_eisenhower_parking_deck_penn_state/downloads/aria_s1_gunw/S1-GUNW-A-R-004-tops-20230714_20220426-230759-00080W_00040N-PP-df65-v3_0_0.nc,40.8005,-77.8617
2023-08-16_eisenhower_parking_deck_penn_state,ARIA_S1_GUNW,2023-08-07,95.70282410040475,/scratch/rjn5308/sinkholes/outputs/sinkhole_event_discovery_aria_expand/2023-08-16_eisenhower_parking_deck_penn_state/downloads/aria_s1_gunw/S1-GUNW-A-R-004-tops-20230807_20220625-230800-00080W_00040N-PP-776f-v3_0_0.nc,40.8005,-77.8617
2023-08-16_eisenhower_parking_deck_penn_state,ARIA_S1_GUNW,2023-08-19,0.4255351500333925,/scratch/rjn5308/sinkholes/outputs/sinkhole_event_discovery_aria_expand/2023-08-16_eisenhower_parking_deck_penn_state/downloads/aria_s1_gunw/S1-GUNW-A-R-004-tops-20230819_20220719-230801-00080W_00040N-PP-fd07-v3_0_0.nc,40.8005,-77.8617
2023-08-16_eisenhower_parking_deck_penn_state,ARIA_S1_GUNW,2023-08-31,-149.1723245825838,/scratch/rjn5308/sinkholes/outputs/sinkhole_event_discovery_aria_expand/2023-08-16_eisenhower_parking_deck_penn_state/downloads/aria_s1_gunw/S1-GUNW-A-R-004-tops-20230831_20230208-230801-00080W_00040N-PP-6885-v3_0_1.nc,40.8005,-77.8617
2023-08-16_eisenhower_parking_deck_penn_state,ARIA_S1_GUNW,2023-09-12,-139.78916142032796,/scratch/rjn5308/sinkholes/outputs/sinkhole_event_discovery_aria_expand/2023-08-16_eisenhower_parking_deck_penn_state/downloads/aria_s1_gunw/S1-GUNW-A-R-004-tops-20230912_20230220-230802-00080W_00040N-PP-f0ed-v3_0_1.nc,40.8005,-77.8617
2023-08-16_eisenhower_parking_deck_penn_state,ARIA_S1_GUNW,2023-09-24,-167.93159167891528,/scratch/rjn5308/sinkholes/outputs/sinkhole_event_discovery_aria_expand/2023-08-16_eisenhower_parking_deck_penn_state/downloads/aria_s1_gunw/S1-GUNW-A-R-004-tops-20230924_20230304-230802-00080W_00040N-PP-cf00-v3_0_1.nc,40.8005,-77.8617
2023-08-16_eisenhower_parking_deck_penn_state,ARIA_S1_GUNW,2023-10-06,-26.117988086396146,/scratch/rjn5308/sinkholes/outputs/sinkhole_event_discovery_aria_expand/2023-08-16_eisenhower_parking_deck_penn_state/downloads/aria_s1_gunw/S1-GUNW-A-R-004-tops-20231006_20230831-230802-00080W_00040N-PP-8c24-v3_0_1.nc,40.8005,-77.8617
2023-08-16_eisenhower_parking_deck_penn_state,ARIA_S1_GUNW,2023-10-18,42.949734191714334,/scratch/rjn5308/sinkholes/outputs/sinkhole_event_discovery_aria_expand/2023-08-16_eisenhower_parking_deck_penn_state/downloads/aria_s1_gunw/S1-GUNW-A-R-004-tops-20231018_20230912-230802-00080W_00040N-PP-e80b-v3_0_1.nc,40.8005,-77.8617
2023-08-16_eisenhower_parking_deck_penn_state,ARIA_S1_GUNW,2023-10-30,43.22811039033276,/scratch/rjn5308/sinkholes/outputs/sinkhole_event_discovery_aria_expand/2023-08-16_eisenhower_parking_deck_penn_state/downloads/aria_s1_gunw/S1-GUNW-A-R-004-tops-20231030_20230924-230802-00080W_00040N-PP-35f8-v3_0_1.nc,40.8005,-77.8617
2023-08-16_eisenhower_parking_deck_penn_state,ARIA_S1_GUNW,2023-11-11,12.402400530454022,/scratch/rjn5308/sinkholes/outputs/sinkhole_event_discovery_aria_expand/2023-08-16_eisenhower_parking_deck_penn_state/downloads/aria_s1_gunw/S1-GUNW-A-R-004-tops-20231111_20231006-230802-00080W_00040N-PP-2db5-v3_0_1.nc,40.8005,-77.8617
2023-10-30_130_sickler_hill_rd_luzerne,ARIA_S1_GUNW,2022-10-30,17.77260096380165,/scratch/rjn5308/sinkholes/outputs/sinkhole_event_discovery_aria_expand/2023-10-30_130_sickler_hill_rd_luzerne/downloads/aria_s1_gunw/S1-GUNW-A-R-106-tops-20221030_20220328-225956-00078W_00041N-PP-1e74-v3_0_0.nc,41.2721,-75.9458
2023-10-30_130_sickler_hill_rd_luzerne,ARIA_S1_GUNW,2022-11-11,-14.854747337793816,/scratch/rjn5308/sinkholes/outputs/sinkhole_event_discovery_aria_expand/2023-10-30_130_sickler_hill_rd_luzerne/downloads/aria_s1_gunw/S1-GUNW-A-R-106-tops-20221111_20220421-225955-00078W_00041N-PP-f236-v3_0_0.nc,41.2721,-75.9458
2023-10-30_130_sickler_hill_rd_luzerne,ARIA_S1_GUNW,2022-11-23,6.537439706289235,/scratch/rjn5308/sinkholes/outputs/sinkhole_event_discovery_aria_expand/2023-10-30_130_sickler_hill_rd_luzerne/downloads/aria_s1_gunw/S1-GUNW-A-R-106-tops-20221123_20220503-225955-00078W_00041N-PP-dd17-v3_0_0.nc,41.2721,-75.9458
2023-10-30_130_sickler_hill_rd_luzerne,ARIA_S1_GUNW,2022-12-05,-0.3811201703139514,/scratch/rjn5308/sinkholes/outputs/sinkhole_event_discovery_aria_expand/2023-10-30_130_sickler_hill_rd_luzerne/downloads/aria_s1_gunw/S1-GUNW-A-R-106-tops-20221205_20220515-225955-00078W_00041N-PP-60ea-v3_0_0.nc,41.2721,-75.9458
2023-10-30_130_sickler_hill_rd_luzerne,ARIA_S1_GUNW,2022-12-17,-5.001993344862654,/scratch/rjn5308/sinkholes/outputs/sinkhole_event_discovery_aria_expand/2023-10-30_130_sickler_hill_rd_luzerne/downloads/aria_s1_gunw/S1-GUNW-A-R-106-tops-20221217_20220527-225954-00078W_00041N-PP-234f-v3_0_0.nc,41.2721,-75.9458
2023-10-30_130_sickler_hill_rd_luzerne,ARIA_S1_GUNW,2022-12-29,-34.69876845797974,/scratch/rjn5308/sinkholes/outputs/sinkhole_event_discovery_aria_expand/2023-10-30_130_sickler_hill_rd_luzerne/downloads/aria_s1_gunw/S1-GUNW-A-R-106-tops-20221229_20220608-225953-00078W_00041N-PP-c985-v3_0_0.nc,41.2721,-75.9458
2023-10-30_130_sickler_hill_rd_luzerne,ARIA_S1_GUNW,2023-01-10,-46.270380807041285,/scratch/rjn5308/sinkholes/outputs/sinkhole_event_discovery_aria_expand/2023-10-30_130_sickler_hill_rd_luzerne/downloads/aria_s1_gunw/S1-GUNW-A-R-106-tops-20230110_20220620-225952-00078W_00041N-PP-cee9-v3_0_0.nc,41.2721,-75.9458
2023-10-30_130_sickler_hill_rd_luzerne,ARIA_S1_GUNW,2023-01-22,33.59753096784658,/scratch/rjn5308/sinkholes/outputs/sinkhole_event_discovery_aria_expand/2023-10-30_130_sickler_hill_rd_luzerne/downloads/aria_s1_gunw/S1-GUNW-A-R-106-tops-20230122_20220702-225952-00078W_00041N-PP-86a7-v3_0_0.nc,41.2721,-75.9458
2023-10-30_130_sickler_hill_rd_luzerne,ARIA_S1_GUNW,2023-02-03,0.9360260552571696,/scratch/rjn5308/sinkholes/outputs/sinkhole_event_discovery_aria_expand/2023-10-30_130_sickler_hill_rd_luzerne/downloads/aria_s1_gunw/S1-GUNW-A-R-106-tops-20230203_20220103-225952-00078W_00041N-PP-e47f-v3_0_0.nc,41.2721,-75.9458
2023-10-30_130_sickler_hill_rd_luzerne,ARIA_S1_GUNW,2023-02-15,18.149176670419376,/scratch/rjn5308/sinkholes/outputs/sinkhole_event_discovery_aria_expand/2023-10-30_130_sickler_hill_rd_luzerne/downloads/aria_s1_gunw/S1-GUNW-A-R-106-tops-20230215_20220115-225951-00078W_00041N-PP-8aab-v3_0_0.nc,41.2721,-75.9458
2023-10-30_130_sickler_hill_rd_luzerne,ARIA_S1_GUNW,2023-02-27,45.31034683428667,/scratch/rjn5308/sinkholes/outputs/sinkhole_event_discovery_aria_expand/2023-10-30_130_sickler_hill_rd_luzerne/downloads/aria_s1_gunw/S1-GUNW-A-R-106-tops-20230227_20220127-225952-00078W_00041N-PP-2646-v3_0_0.nc,41.2721,-75.9458
2023-10-30_130_sickler_hill_rd_luzerne,ARIA_S1_GUNW,2023-03-11,3.6769225657297975,/scratch/rjn5308/sinkholes/outputs/sinkhole_event_discovery_aria_expand/2023-10-30_130_sickler_hill_rd_luzerne/downloads/aria_s1_gunw/S1-GUNW-A-R-106-tops-20230311_20220208-225951-00078W_00041N-PP-af73-v3_0_0.nc,41.2721,-75.9458
2023-10-30_130_sickler_hill_rd_luzerne,ARIA_S1_GUNW,2023-03-23,24.900414431614596,/scratch/rjn5308/sinkholes/outputs/sinkhole_event_discovery_aria_expand/2023-10-30_130_sickler_hill_rd_luzerne/downloads/aria_s1_gunw/S1-GUNW-A-R-106-tops-20230323_20220220-225951-00078W_00041N-PP-27bc-v3_0_0.nc,41.2721,-75.9458
2023-10-30_130_sickler_hill_rd_luzerne,ARIA_S1_GUNW,2023-04-04,31.192680214548435,/scratch/rjn5308/sinkholes/outputs/sinkhole_event_discovery_aria_expand/2023-10-30_130_sickler_hill_rd_luzerne/downloads/aria_s1_gunw/S1-GUNW-A-R-106-tops-20230404_20230227-225952-00078W_00041N-PP-ac7b-v3_0_0.nc,41.2721,-75.9458
2023-10-30_130_sickler_hill_rd_luzerne,ARIA_S1_GUNW,2023-04-16,21.16452430280349,/scratch/rjn5308/sinkholes/outputs/sinkhole_event_discovery_aria_expand/2023-10-30_130_sickler_hill_rd_luzerne/downloads/aria_s1_gunw/S1-GUNW-A-R-106-tops-20230416_20230311-225952-00078W_00041N-PP-b378-v3_0_0.nc,41.2721,-75.9458
2023-10-30_130_sickler_hill_rd_luzerne,ARIA_S1_GUNW,2023-04-28,-10.837388386085449,/scratch/rjn5308/sinkholes/outputs/sinkhole_event_discovery_aria_expand/2023-10-30_130_sickler_hill_rd_luzerne/downloads/aria_s1_gunw/S1-GUNW-A-R-106-tops-20230428_20230323-225953-00078W_00041N-PP-8fb8-v3_0_0.nc,41.2721,-75.9458
2023-10-30_130_sickler_hill_rd_luzerne,ARIA_S1_GUNW,2023-05-10,-34.747218518693714,/scratch/rjn5308/sinkholes/outputs/sinkhole_event_discovery_aria_expand/2023-10-30_130_sickler_hill_rd_luzerne/downloads/aria_s1_gunw/S1-GUNW-A-R-106-tops-20230510_20230404-225953-00078W_00041N-PP-a0bc-v3_0_0.nc,41.2721,-75.9458
2023-10-30_130_sickler_hill_rd_luzerne,ARIA_S1_GUNW,2023-05-22,-23.774509656375688,/scratch/rjn5308/sinkholes/outputs/sinkhole_event_discovery_aria_expand/2023-10-30_130_sickler_hill_rd_luzerne/downloads/aria_s1_gunw/S1-GUNW-A-R-106-tops-20230522_20230416-225954-00078W_00041N-PP-b97a-v3_0_0.nc,41.2721,-75.9458
2023-10-30_130_sickler_hill_rd_luzerne,ARIA_S1_GUNW,2023-06-03,-12.285611581181916,/scratch/rjn5308/sinkholes/outputs/sinkhole_event_discovery_aria_expand/2023-10-30_130_sickler_hill_rd_luzerne/downloads/aria_s1_gunw/S1-GUNW-A-R-106-tops-20230603_20220503-225954-00078W_00041N-PP-3360-v3_0_0.nc,41.2721,-75.9458
2023-10-30_130_sickler_hill_rd_luzerne,ARIA_S1_GUNW,2023-06-15,4.8831063180026915,/scratch/rjn5308/sinkholes/outputs/sinkhole_event_discovery_aria_expand/2023-10-30_130_sickler_hill_rd_luzerne/downloads/aria_s1_gunw/S1-GUNW-A-R-106-tops-20230615_20220515-225955-00078W_00041N-PP-3dca-v3_0_0.nc,41.2721,-75.9458
2023-10-30_130_sickler_hill_rd_luzerne,ARIA_S1_GUNW,2023-06-27,40.15316787756598,/scratch/rjn5308/sinkholes/outputs/sinkhole_event_discovery_aria_expand/2023-10-30_130_sickler_hill_rd_luzerne/downloads/aria_s1_gunw/S1-GUNW-A-R-106-tops-20230627_20220527-225955-00078W_00041N-PP-cda1-v3_0_0.nc,41.2721,-75.9458
2023-10-30_130_sickler_hill_rd_luzerne,ARIA_S1_GUNW,2023-07-09,-75.97076503480449,/scratch/rjn5308/sinkholes/outputs/sinkhole_event_discovery_aria_expand/2023-10-30_130_sickler_hill_rd_luzerne/downloads/aria_s1_gunw/S1-GUNW-A-R-106-tops-20230709_20220608-225957-00078W_00041N-PP-915a-v3_0_0.nc,41.2721,-75.9458
2023-10-30_130_sickler_hill_rd_luzerne,ARIA_S1_GUNW,2023-07-21,-19.68604351197947,/scratch/rjn5308/sinkholes/outputs/sinkhole_event_discovery_aria_expand/2023-10-30_130_sickler_hill_rd_luzerne/downloads/aria_s1_gunw/S1-GUNW-A-R-106-tops-20230721_20220620-225957-00078W_00041N-PP-ce1e-v3_0_0.nc,41.2721,-75.9458
2023-10-30_130_sickler_hill_rd_luzerne,ARIA_S1_GUNW,2023-08-26,7.653359001093681,/scratch/rjn5308/sinkholes/outputs/sinkhole_event_discovery_aria_expand/2023-10-30_130_sickler_hill_rd_luzerne/downloads/aria_s1_gunw/S1-GUNW-A-R-106-tops-20230826_20230203-225959-00078W_00041N-PP-c1f3-v3_0_1.nc,41.2721,-75.9458
2023-10-30_130_sickler_hill_rd_luzerne,ARIA_S1_GUNW,2023-09-07,-30.836578796823225,/scratch/rjn5308/sinkholes/outputs/sinkhole_event_discovery_aria_expand/2023-10-30_130_sickler_hill_rd_luzerne/downloads/aria_s1_gunw/S1-GUNW-A-R-106-tops-20230907_20230215-230000-00078W_00041N-PP-3418-v3_0_1.nc,41.2721,-75.9458
2023-10-30_130_sickler_hill_rd_luzerne,ARIA_S1_GUNW,2023-09-19,-5.690605574923056,/scratch/rjn5308/sinkholes/outputs/sinkhole_event_discovery_aria_expand/2023-10-30_130_sickler_hill_rd_luzerne/downloads/aria_s1_gunw/S1-GUNW-A-R-106-tops-20230919_20230227-230000-00078W_00041N-PP-c4c2-v3_0_1.nc,41.2721,-75.9458
2023-10-30_130_sickler_hill_rd_luzerne,ARIA_S1_GUNW,2023-10-01,-11.9093180752134,/scratch/rjn5308/sinkholes/outputs/sinkhole_event_discovery_aria_expand/2023-10-30_130_sickler_hill_rd_luzerne/downloads/aria_s1_gunw/S1-GUNW-A-R-106-tops-20231001_20230826-230001-00078W_00041N-PP-c1e7-v3_0_1.nc,41.2721,-75.9458
2023-10-30_130_sickler_hill_rd_luzerne,ARIA_S1_GUNW,2023-10-13,17.531637410953177,/scratch/rjn5308/sinkholes/outputs/sinkhole_event_discovery_aria_expand/2023-10-30_130_sickler_hill_rd_luzerne/downloads/aria_s1_gunw/S1-GUNW-A-R-106-tops-20231013_20230907-230000-00078W_00041N-PP-c249-v3_0_1.nc,41.2721,-75.9458
2023-10-30_130_sickler_hill_rd_luzerne,ARIA_S1_GUNW,2023-10-25,19.688905531996433,/scratch/rjn5308/sinkholes/outputs/sinkhole_event_discovery_aria_expand/2023-10-30_130_sickler_hill_rd_luzerne/downloads/aria_s1_gunw/S1-GUNW-A-R-106-tops-20231025_20230919-230000-00078W_00041N-PP-440d-v3_0_1.nc,41.2721,-75.9458
2023-10-30_130_sickler_hill_rd_luzerne,ARIA_S1_GUNW,2023-11-06,24.25752344516958,/scratch/rjn5308/sinkholes/outputs/sinkhole_event_discovery_aria_expand/2023-10-30_130_sickler_hill_rd_luzerne/downloads/aria_s1_gunw/S1-GUNW-A-R-106-tops-20231106_20231001-230000-00078W_00041N-PP-3533-v3_0_1.nc,41.2721,-75.9458
2023-10-30_130_sickler_hill_rd_luzerne,ARIA_S1_GUNW,2023-11-18,-24.944347175966257,/scratch/rjn5308/sinkholes/outputs/sinkhole_event_discovery_aria_expand/2023-10-30_130_sickler_hill_rd_luzerne/downloads/aria_s1_gunw/S1-GUNW-A-R-106-tops-20231118_20231013-230000-00078W_00041N-PP-9de4-v3_0_1.nc,41.2721,-75.9458
2023-10-30_130_sickler_hill_rd_luzerne,ARIA_S1_GUNW,2023-11-30,-3.750989443024973,/scratch/rjn5308/sinkholes/outputs/sinkhole_event_discovery_aria_expand/2023-10-30_130_sickler_hill_rd_luzerne/downloads/aria_s1_gunw/S1-GUNW-A-R-106-tops-20231130_20231025-225959-00078W_00041N-PP-b3cc-v3_0_1.nc,41.2721,-75.9458
2023-10-30_130_sickler_hill_rd_luzerne,ARIA_S1_GUNW,2023-12-12,-15.12563784829576,/scratch/rjn5308/sinkholes/outputs/sinkhole_event_discovery_aria_expand/2023-10-30_130_sickler_hill_rd_luzerne/downloads/aria_s1_gunw/S1-GUNW-A-R-106-tops-20231212_20231106-225959-00078W_00041N-PP-af2d-v3_0_1.nc,41.2721,-75.9458
2023-10-30_130_sickler_hill_rd_luzerne,ARIA_S1_GUNW,2023-12-24,-2.0595569359957135,/scratch/rjn5308/sinkholes/outputs/sinkhole_event_discovery_aria_expand/2023-10-30_130_sickler_hill_rd_luzerne/downloads/aria_s1_gunw/S1-GUNW-A-R-106-tops-20231224_20231118-225958-00078W_00041N-PP-72bb-v3_0_1.nc,41.2721,-75.9458
2023-10-30_130_sickler_hill_rd_luzerne,ARIA_S1_GUNW,2024-01-05,-31.23040243864253,/scratch/rjn5308/sinkholes/outputs/sinkhole_event_discovery_aria_expand/2023-10-30_130_sickler_hill_rd_luzerne/downloads/aria_s1_gunw/S1-GUNW-A-R-106-tops-20240105_20231130-225958-00078W_00041N-PP-1c37-v3_0_1.nc,41.2721,-75.9458
2023-10-30_130_sickler_hill_rd_luzerne,ARIA_S1_GUNW,2024-01-17,32.86747578237128,/scratch/rjn5308/sinkholes/outputs/sinkhole_event_discovery_aria_expand/2023-10-30_130_sickler_hill_rd_luzerne/downloads/aria_s1_gunw/S1-GUNW-A-R-106-tops-20240117_20230627-225957-00078W_00041N-PP-d20a-v3_0_1.nc,41.2721,-75.9458
2023-10-30_130_sickler_hill_rd_luzerne,ARIA_S1_GUNW,2024-01-29,-6.779949571277115,/scratch/rjn5308/sinkholes/outputs/sinkhole_event_discovery_aria_expand/2023-10-30_130_sickler_hill_rd_luzerne/downloads/aria_s1_gunw/S1-GUNW-A-R-106-tops-20240129_20230627-225957-00078W_00041N-PP-277f-v3_0_1.nc,41.2721,-75.9458
2024-12-02_marguerite_westmoreland_county,ARIA_S1_GUNW,2024-01-15,4.064187411676888,/scratch/rjn5308/sinkholes/outputs/sinkhole_event_discovery/2024-12-02_marguerite_westmoreland_county/downloads/aria_s1_gunw/S1-GUNW-A-R-077-tops-20240115_20230613-231619-00082W_00040N-PP-e8c7-v3_0_1.nc,40.2636,-79.4633
2024-12-02_marguerite_westmoreland_county,ARIA_S1_GUNW,2024-01-27,15.201965752993964,/scratch/rjn5308/sinkholes/outputs/sinkhole_event_discovery/2024-12-02_marguerite_westmoreland_county/downloads/aria_s1_gunw/S1-GUNW-A-R-077-tops-20240127_20230613-231554-00081W_00039N-PP-46dd-v3_0_1.nc,40.2636,-79.4633
2024-12-02_marguerite_westmoreland_county,ARIA_S1_GUNW,2024-02-20,127.58729393478592,/scratch/rjn5308/sinkholes/outputs/sinkhole_event_discovery/2024-12-02_marguerite_westmoreland_county/downloads/aria_s1_gunw/S1-GUNW-A-R-077-tops-20240220_20230719-231553-00081W_00039N-PP-c418-v3_0_1.nc,40.2636,-79.4633
2024-12-02_marguerite_westmoreland_county,ARIA_S1_GUNW,2024-03-03,-83.27106838450817,/scratch/rjn5308/sinkholes/outputs/sinkhole_event_discovery/2024-12-02_marguerite_westmoreland_county/downloads/aria_s1_gunw/S1-GUNW-A-R-077-tops-20240303_20230719-231553-00081W_00039N-PP-d0b9-v3_0_1.nc,40.2636,-79.4633
2024-12-02_marguerite_westmoreland_county,ARIA_S1_GUNW,2024-03-27,22.512653665393476,/scratch/rjn5308/sinkholes/outputs/sinkhole_event_discovery/2024-12-02_marguerite_westmoreland_county/downloads/aria_s1_gunw/S1-GUNW-A-R-077-tops-20240327_20240127-231553-00081W_00039N-PP-cddf-v3_0_1.nc,40.2636,-79.4633
2024-12-02_marguerite_westmoreland_county,ARIA_S1_GUNW,2024-04-08,45.2034517555368,/scratch/rjn5308/sinkholes/outputs/sinkhole_event_discovery/2024-12-02_marguerite_westmoreland_county/downloads/aria_s1_gunw/S1-GUNW-A-R-077-tops-20240408_20240220-231554-00081W_00039N-PP-ffce-v3_0_1.nc,40.2636,-79.4633
2024-12-02_marguerite_westmoreland_county,ARIA_S1_GUNW,2024-04-20,48.77805368345075,/scratch/rjn5308/sinkholes/outputs/sinkhole_event_discovery/2024-12-02_marguerite_westmoreland_county/downloads/aria_s1_gunw/S1-GUNW-A-R-077-tops-20240420_20240303-231554-00081W_00039N-PP-eedb-v3_0_1.nc,40.2636,-79.4633
2024-12-02_marguerite_westmoreland_county,ARIA_S1_GUNW,2024-05-02,18.67221451397589,/scratch/rjn5308/sinkholes/outputs/sinkhole_event_discovery/2024-12-02_marguerite_westmoreland_county/downloads/aria_s1_gunw/S1-GUNW-A-R-077-tops-20240502_20240327-231555-00081W_00039N-PP-e4e7-v3_0_1.nc,40.2636,-79.4633
2024-12-02_marguerite_westmoreland_county,ARIA_S1_GUNW,2024-05-14,40.66732061262244,/scratch/rjn5308/sinkholes/outputs/sinkhole_event_discovery/2024-12-02_marguerite_westmoreland_county/downloads/aria_s1_gunw/S1-GUNW-A-R-077-tops-20240514_20240408-231554-00081W_00039N-PP-76c6-v3_0_1.nc,40.2636,-79.4633
2024-12-02_marguerite_westmoreland_county,ARIA_S1_GUNW,2024-06-07,59.13354971242665,/scratch/rjn5308/sinkholes/outputs/sinkhole_event_discovery/2024-12-02_marguerite_westmoreland_county/downloads/aria_s1_gunw/S1-GUNW-A-R-077-tops-20240607_20240420-231554-00081W_00039N-PP-cc75-v3_0_1.nc,40.2636,-79.4633
2024-12-02_marguerite_westmoreland_county,ARIA_S1_GUNW,2024-06-19,-10.050536108007115,/scratch/rjn5308/sinkholes/outputs/sinkhole_event_discovery/2024-12-02_marguerite_westmoreland_county/downloads/aria_s1_gunw/S1-GUNW-A-R-077-tops-20240619_20240502-231554-00081W_00039N-PP-1486-v3_0_1.nc,40.2636,-79.4633
2024-12-02_marguerite_westmoreland_county,ARIA_S1_GUNW,2024-07-01,-5.8229429375765065,/scratch/rjn5308/sinkholes/outputs/sinkhole_event_discovery/2024-12-02_marguerite_westmoreland_county/downloads/aria_s1_gunw/S1-GUNW-A-R-077-tops-20240701_20240514-231553-00081W_00039N-PP-50ec-v3_0_1.nc,40.2636,-79.4633
2024-12-02_marguerite_westmoreland_county,ARIA_S1_GUNW,2024-07-13,18.377632837777963,/scratch/rjn5308/sinkholes/outputs/sinkhole_event_discovery/2024-12-02_marguerite_westmoreland_county/downloads/aria_s1_gunw/S1-GUNW-A-R-077-tops-20240713_20240607-231553-00081W_00039N-PP-91f4-v3_0_1.nc,40.2636,-79.4633
2024-12-02_marguerite_westmoreland_county,ARIA_S1_GUNW,2024-08-06,-53.04280467667703,/scratch/rjn5308/sinkholes/outputs/sinkhole_event_discovery/2024-12-02_marguerite_westmoreland_county/downloads/aria_s1_gunw/S1-GUNW-A-R-077-tops-20240806_20240619-231552-00081W_00039N-PP-1e0b-v3_0_1.nc,40.2636,-79.4633
2024-12-02_marguerite_westmoreland_county,ARIA_S1_GUNW,2024-08-18,-22.77907634994547,/scratch/rjn5308/sinkholes/outputs/sinkhole_event_discovery/2024-12-02_marguerite_westmoreland_county/downloads/aria_s1_gunw/S1-GUNW-A-R-077-tops-20240818_20230707-231552-00081W_00039N-PP-f886-v3_0_1.nc,40.2636,-79.4633
2024-12-02_marguerite_westmoreland_county,ARIA_S1_GUNW,2024-08-30,14.381160946060954,/scratch/rjn5308/sinkholes/outputs/sinkhole_event_discovery/2024-12-02_marguerite_westmoreland_county/downloads/aria_s1_gunw/S1-GUNW-A-R-077-tops-20240830_20230719-231552-00081W_00039N-PP-86cd-v3_0_1.nc,40.2636,-79.4633
2024-12-02_marguerite_westmoreland_county,ARIA_S1_GUNW,2024-09-11,-69.62868030741052,/scratch/rjn5308/sinkholes/outputs/sinkhole_event_discovery/2024-12-02_marguerite_westmoreland_county/downloads/aria_s1_gunw/S1-GUNW-A-R-077-tops-20240911_20230719-231553-00081W_00039N-PP-5eba-v3_0_1.nc,40.2636,-79.4633
2024-12-02_marguerite_westmoreland_county,ARIA_S1_GUNW,2024-09-23,69.70662244194169,/scratch/rjn5308/sinkholes/outputs/sinkhole_event_discovery/2024-12-02_marguerite_westmoreland_county/downloads/aria_s1_gunw/S1-GUNW-A-R-077-tops-20240923_20240818-231553-00081W_00039N-PP-c859-v3_0_1.nc,40.2636,-79.4633
2024-12-02_marguerite_westmoreland_county,ARIA_S1_GUNW,2024-10-05,90.49856396671623,/scratch/rjn5308/sinkholes/outputs/sinkhole_event_discovery/2024-12-02_marguerite_westmoreland_county/downloads/aria_s1_gunw/S1-GUNW-A-R-077-tops-20241005_20240830-231554-00081W_00039N-PP-97b6-v3_0_1.nc,40.2636,-79.4633
2024-12-02_marguerite_westmoreland_county,ARIA_S1_GUNW,2024-10-17,54.19893861698107,/scratch/rjn5308/sinkholes/outputs/sinkhole_event_discovery/2024-12-02_marguerite_westmoreland_county/downloads/aria_s1_gunw/S1-GUNW-A-R-077-tops-20241017_20240911-231554-00081W_00039N-PP-38a1-v3_0_1.nc,40.2636,-79.4633
2024-12-02_marguerite_westmoreland_county,ARIA_S1_GUNW,2024-10-29,-75.72900752938325,/scratch/rjn5308/sinkholes/outputs/sinkhole_event_discovery/2024-12-02_marguerite_westmoreland_county/downloads/aria_s1_gunw/S1-GUNW-A-R-077-tops-20241029_20240923-231554-00081W_00039N-PP-10d1-v3_0_1.nc,40.2636,-79.4633
2024-12-02_marguerite_westmoreland_county,ARIA_S1_GUNW,2024-11-10,-54.49532090179895,/scratch/rjn5308/sinkholes/outputs/sinkhole_event_discovery/2024-12-02_marguerite_westmoreland_county/downloads/aria_s1_gunw/S1-GUNW-A-R-077-tops-20241110_20241005-231553-00081W_00039N-PP-ad7e-v3_0_1.nc,40.2636,-79.4633
2024-12-02_marguerite_westmoreland_county,ARIA_S1_GUNW,2024-11-22,14.15677562836594,/scratch/rjn5308/sinkholes/outputs/sinkhole_event_discovery/2024-12-02_marguerite_westmoreland_county/downloads/aria_s1_gunw/S1-GUNW-A-R-077-tops-20241122_20241017-231552-00081W_00039N-PP-cd07-v3_0_1.nc,40.2636,-79.4633
2024-12-02_marguerite_westmoreland_county,ARIA_S1_GUNW,2024-12-04,64.86109408874599,/scratch/rjn5308/sinkholes/outputs/sinkhole_event_discovery/2024-12-02_marguerite_westmoreland_county/downloads/aria_s1_gunw/S1-GUNW-A-R-077-tops-20241204_20241029-231552-00081W_00039N-PP-7da4-v3_0_1.nc,40.2636,-79.4633
2024-12-02_marguerite_westmoreland_county,ARIA_S1_GUNW,2024-12-16,-0.6265433555534169,/scratch/rjn5308/sinkholes/outputs/sinkhole_event_discovery/2024-12-02_marguerite_westmoreland_county/downloads/aria_s1_gunw/S1-GUNW-A-R-077-tops-20241216_20241110-231550-00081W_00039N-PP-f8cc-v3_0_1.nc,40.2636,-79.4633
2024-12-02_marguerite_westmoreland_county,ARIA_S1_GUNW,2024-12-28,1.3017249933359023,/scratch/rjn5308/sinkholes/outputs/sinkhole_event_discovery/2024-12-02_marguerite_westmoreland_county/downloads/aria_s1_gunw/S1-GUNW-A-R-077-tops-20241228_20241122-231552-00081W_00039N-PP-b1ac-v3_0_1.nc,40.2636,-79.4633
2024-12-02_marguerite_westmoreland_county,ARIA_S1_GUNW,2025-01-09,53.50900014916814,/scratch/rjn5308/sinkholes/outputs/sinkhole_event_discovery/2024-12-02_marguerite_westmoreland_county/downloads/aria_s1_gunw/S1-GUNW-A-R-077-tops-20250109_20241204-231548-00081W_00039N-PP-cafd-v3_0_1.nc,40.2636,-79.4633
2024-12-02_marguerite_westmoreland_county,ARIA_S1_GUNW,2025-01-21,172.42709014029373,/scratch/rjn5308/sinkholes/outputs/sinkhole_event_discovery/2024-12-02_marguerite_westmoreland_county/downloads/aria_s1_gunw/S1-GUNW-A-R-077-tops-20250121_20241216-231547-00081W_00039N-PP-c59a-v3_0_1.nc,40.2636,-79.4633
2024-12-02_marguerite_westmoreland_county,ARIA_S1_GUNW,2025-02-02,21.036148279113913,/scratch/rjn5308/sinkholes/outputs/sinkhole_event_discovery/2024-12-02_marguerite_westmoreland_county/downloads/aria_s1_gunw/S1-GUNW-A-R-077-tops-20250202_20241228-231544-00081W_00039N-PP-842c-v3_0_1.nc,40.2636,-79.4633
2024-12-02_marguerite_westmoreland_county,ARIA_S1_GUNW,2025-02-14,215.99420353737472,/scratch/rjn5308/sinkholes/outputs/sinkhole_event_discovery/2024-12-02_marguerite_westmoreland_county/downloads/aria_s1_gunw/S1-GUNW-A-R-077-tops-20250214_20240806-231546-00081W_00039N-PP-40a5-v3_0_1.nc,40.2636,-79.4633
2024-12-02_marguerite_westmoreland_county,ARIA_S1_GUNW,2025-02-26,181.77458651004972,/scratch/rjn5308/sinkholes/outputs/sinkhole_event_discovery/2024-12-02_marguerite_westmoreland_county/downloads/aria_s1_gunw/S1-GUNW-A-R-077-tops-20250226_20240806-231546-00081W_00039N-PP-1911-v3_0_1.nc,40.2636,-79.4633
2024-12-16_park_place_schuylkill_county,ARIA_S1_GUNW,2024-03-05,35.001639251754405,/scratch/rjn5308/sinkholes/outputs/sinkhole_event_discovery/2024-12-16_park_place_schuylkill_county/downloads/aria_s1_gunw/S1-GUNW-A-R-106-tops-20240305_20230721-225956-00078W_00041N-PP-9b35-v3_0_1.nc,40.8354,-76.1558
2024-12-16_park_place_schuylkill_county,ARIA_S1_GUNW,2024-03-17,-4.876728372733099,/scratch/rjn5308/sinkholes/outputs/sinkhole_event_discovery/2024-12-16_park_place_schuylkill_county/downloads/aria_s1_gunw/S1-GUNW-A-R-106-tops-20240317_20230826-225932-00077W_00039N-PP-93c5-v3_0_1.nc,40.8354,-76.1558
2024-12-16_park_place_schuylkill_county,ARIA_S1_GUNW,2024-03-29,-16.847048119625228,/scratch/rjn5308/sinkholes/outputs/sinkhole_event_discovery/2024-12-16_park_place_schuylkill_county/downloads/aria_s1_gunw/S1-GUNW-A-R-106-tops-20240329_20240222-225932-00077W_00039N-PP-c54b-v3_0_1.nc,40.8354,-76.1558
2024-12-16_park_place_schuylkill_county,ARIA_S1_GUNW,2024-04-10,50.54995365227596,/scratch/rjn5308/sinkholes/outputs/sinkhole_event_discovery/2024-12-16_park_place_schuylkill_county/downloads/aria_s1_gunw/S1-GUNW-A-R-106-tops-20240410_20240305-225931-00077W_00039N-PP-3b08-v3_0_1.nc,40.8354,-76.1558
2024-12-16_park_place_schuylkill_county,ARIA_S1_GUNW,2024-04-22,17.34530390243883,/scratch/rjn5308/sinkholes/outputs/sinkhole_event_discovery/2024-12-16_park_place_schuylkill_county/downloads/aria_s1_gunw/S1-GUNW-A-R-106-tops-20240422_20240317-225933-00077W_00039N-PP-a499-v3_0_1.nc,40.8354,-76.1558
2024-12-16_park_place_schuylkill_county,ARIA_S1_GUNW,2024-05-04,20.016211953627487,/scratch/rjn5308/sinkholes/outputs/sinkhole_event_discovery/2024-12-16_park_place_schuylkill_county/downloads/aria_s1_gunw/S1-GUNW-A-R-106-tops-20240504_20240329-225933-00077W_00039N-PP-916e-v3_0_1.nc,40.8354,-76.1558
2024-12-16_park_place_schuylkill_county,ARIA_S1_GUNW,2024-05-16,-18.646506877223068,/scratch/rjn5308/sinkholes/outputs/sinkhole_event_discovery/2024-12-16_park_place_schuylkill_county/downloads/aria_s1_gunw/S1-GUNW-A-R-106-tops-20240516_20240410-225933-00077W_00039N-PP-c279-v3_0_1.nc,40.8354,-76.1558
2024-12-16_park_place_schuylkill_county,ARIA_S1_GUNW,2024-05-28,-65.4841173070968,/scratch/rjn5308/sinkholes/outputs/sinkhole_event_discovery/2024-12-16_park_place_schuylkill_county/downloads/aria_s1_gunw/S1-GUNW-A-R-106-tops-20240528_20240422-225933-00077W_00039N-PP-c407-v3_0_1.nc,40.8354,-76.1558
2024-12-16_park_place_schuylkill_county,ARIA_S1_GUNW,2024-06-09,-36.75998727149266,/scratch/rjn5308/sinkholes/outputs/sinkhole_event_discovery/2024-12-16_park_place_schuylkill_county/downloads/aria_s1_gunw/S1-GUNW-A-R-106-tops-20240609_20240504-225932-00077W_00039N-PP-1818-v3_0_1.nc,40.8354,-76.1558
2024-12-16_park_place_schuylkill_county,ARIA_S1_GUNW,2024-06-21,-81.47969235893763,/scratch/rjn5308/sinkholes/outputs/sinkhole_event_discovery/2024-12-16_park_place_schuylkill_county/downloads/aria_s1_gunw/S1-GUNW-A-R-106-tops-20240621_20240516-225932-00077W_00039N-PP-3bfb-v3_0_1.nc,40.8354,-76.1558
2024-12-16_park_place_schuylkill_county,ARIA_S1_GUNW,2024-07-03,91.18148111389888,/scratch/rjn5308/sinkholes/outputs/sinkhole_event_discovery/2024-12-16_park_place_schuylkill_county/downloads/aria_s1_gunw/S1-GUNW-A-R-106-tops-20240703_20240528-225931-00077W_00039N-PP-9fe6-v3_0_1.nc,40.8354,-76.1558
2024-12-16_park_place_schuylkill_county,ARIA_S1_GUNW,2024-07-15,58.79291668103301,/scratch/rjn5308/sinkholes/outputs/sinkhole_event_discovery/2024-12-16_park_place_schuylkill_county/downloads/aria_s1_gunw/S1-GUNW-A-R-106-tops-20240715_20240609-225931-00077W_00039N-PP-d1ad-v3_0_1.nc,40.8354,-76.1558
2024-12-16_park_place_schuylkill_county,ARIA_S1_GUNW,2024-07-27,21.098891592112757,/scratch/rjn5308/sinkholes/outputs/sinkhole_event_discovery/2024-12-16_park_place_schuylkill_county/downloads/aria_s1_gunw/S1-GUNW-A-R-106-tops-20240727_20240621-225930-00077W_00039N-PP-b3ef-v3_0_1.nc,40.8354,-76.1558
2024-12-16_park_place_schuylkill_county,ARIA_S1_GUNW,2024-08-08,3.712493799614303,/scratch/rjn5308/sinkholes/outputs/sinkhole_event_discovery/2024-12-16_park_place_schuylkill_county/downloads/aria_s1_gunw/S1-GUNW-A-R-106-tops-20240808_20230627-225930-00077W_00039N-PP-9358-v3_0_1.nc,40.8354,-76.1558
2024-12-16_park_place_schuylkill_county,ARIA_S1_GUNW,2024-08-20,-33.253109287438576,/scratch/rjn5308/sinkholes/outputs/sinkhole_event_discovery/2024-12-16_park_place_schuylkill_county/downloads/aria_s1_gunw/S1-GUNW-A-R-106-tops-20240820_20230627-225931-00077W_00039N-PP-e094-v3_0_1.nc,40.8354,-76.1558
2024-12-16_park_place_schuylkill_county,ARIA_S1_GUNW,2024-09-01,117.78486484680724,/scratch/rjn5308/sinkholes/outputs/sinkhole_event_discovery/2024-12-16_park_place_schuylkill_county/downloads/aria_s1_gunw/S1-GUNW-A-R-106-tops-20240901_20230709-225931-00077W_00039N-PP-b1e9-v3_0_1.nc,40.8354,-76.1558
2024-12-16_park_place_schuylkill_county,ARIA_S1_GUNW,2024-09-13,26.094666519311616,/scratch/rjn5308/sinkholes/outputs/sinkhole_event_discovery/2024-12-16_park_place_schuylkill_county/downloads/aria_s1_gunw/S1-GUNW-A-R-106-tops-20240913_20230721-225931-00077W_00039N-PP-e641-v3_0_1.nc,40.8354,-76.1558
2024-12-16_park_place_schuylkill_county,ARIA_S1_GUNW,2024-09-25,32.45685698997413,/scratch/rjn5308/sinkholes/outputs/sinkhole_event_discovery/2024-12-16_park_place_schuylkill_county/downloads/aria_s1_gunw/S1-GUNW-A-R-106-tops-20240925_20240820-225931-00077W_00039N-PP-a442-v3_0_1.nc,40.8354,-76.1558
2024-12-16_park_place_schuylkill_county,ARIA_S1_GUNW,2024-10-07,-65.7126787732051,/scratch/rjn5308/sinkholes/outputs/sinkhole_event_discovery/2024-12-16_park_place_schuylkill_county/downloads/aria_s1_gunw/S1-GUNW-A-R-106-tops-20241007_20240901-225932-00077W_00039N-PP-695d-v3_0_1.nc,40.8354,-76.1558
2024-12-16_park_place_schuylkill_county,ARIA_S1_GUNW,2024-10-19,12.72831279663899,/scratch/rjn5308/sinkholes/outputs/sinkhole_event_discovery/2024-12-16_park_place_schuylkill_county/downloads/aria_s1_gunw/S1-GUNW-A-R-106-tops-20241019_20240913-225932-00077W_00039N-PP-06ca-v3_0_1.nc,40.8354,-76.1558
2024-12-16_park_place_schuylkill_county,ARIA_S1_GUNW,2024-10-31,32.30393793370347,/scratch/rjn5308/sinkholes/outputs/sinkhole_event_discovery/2024-12-16_park_place_schuylkill_county/downloads/aria_s1_gunw/S1-GUNW-A-R-106-tops-20241031_20240925-225932-00077W_00039N-PP-7ee7-v3_0_1.nc,40.8354,-76.1558
2024-12-16_park_place_schuylkill_county,ARIA_S1_GUNW,2024-11-12,1.6734813078030966,/scratch/rjn5308/sinkholes/outputs/sinkhole_event_discovery/2024-12-16_park_place_schuylkill_county/downloads/aria_s1_gunw/S1-GUNW-A-R-106-tops-20241112_20241007-225931-00077W_00039N-PP-ce62-v3_0_1.nc,40.8354,-76.1558
2024-12-16_park_place_schuylkill_county,ARIA_S1_GUNW,2024-11-24,-59.33579070305885,/scratch/rjn5308/sinkholes/outputs/sinkhole_event_discovery/2024-12-16_park_place_schuylkill_county/downloads/aria_s1_gunw/S1-GUNW-A-R-106-tops-20241124_20241019-225931-00077W_00039N-PP-70ee-v3_0_1.nc,40.8354,-76.1558
2024-12-16_park_place_schuylkill_county,ARIA_S1_GUNW,2024-12-06,-60.94137340270101,/scratch/rjn5308/sinkholes/outputs/sinkhole_event_discovery/2024-12-16_park_place_schuylkill_county/downloads/aria_s1_gunw/S1-GUNW-A-R-106-tops-20241206_20241031-225930-00077W_00039N-PP-49d1-v3_0_1.nc,40.8354,-76.1558
2024-12-16_park_place_schuylkill_county,ARIA_S1_GUNW,2024-12-18,7.439031819970426,/scratch/rjn5308/sinkholes/outputs/sinkhole_event_discovery/2024-12-16_park_place_schuylkill_county/downloads/aria_s1_gunw/S1-GUNW-A-R-106-tops-20241218_20241112-225928-00077W_00039N-PP-3c56-v3_0_1.nc,40.8354,-76.1558
2024-12-16_park_place_schuylkill_county,ARIA_S1_GUNW,2024-12-30,26.03285615323516,/scratch/rjn5308/sinkholes/outputs/sinkhole_event_discovery/2024-12-16_park_place_schuylkill_county/downloads/aria_s1_gunw/S1-GUNW-A-R-106-tops-20241230_20241124-225928-00077W_00039N-PP-7ea5-v3_0_1.nc,40.8354,-76.1558
2024-12-16_park_place_schuylkill_county,ARIA_S1_GUNW,2025-01-11,31.686192288687852,/scratch/rjn5308/sinkholes/outputs/sinkhole_event_discovery/2024-12-16_park_place_schuylkill_county/downloads/aria_s1_gunw/S1-GUNW-A-R-106-tops-20250111_20241206-225927-00077W_00039N-PP-e924-v3_0_1.nc,40.8354,-76.1558
2024-12-16_park_place_schuylkill_county,ARIA_S1_GUNW,2025-01-23,-24.573402846482715,/scratch/rjn5308/sinkholes/outputs/sinkhole_event_discovery/2024-12-16_park_place_schuylkill_county/downloads/aria_s1_gunw/S1-GUNW-A-R-106-tops-20250123_20241218-225926-00077W_00039N-PP-f7e6-v3_0_1.nc,40.8354,-76.1558
2024-12-16_park_place_schuylkill_county,ARIA_S1_GUNW,2025-02-04,-31.33455343197511,/scratch/rjn5308/sinkholes/outputs/sinkhole_event_discovery/2024-12-16_park_place_schuylkill_county/downloads/aria_s1_gunw/S1-GUNW-A-R-106-tops-20250204_20240808-225925-00077W_00039N-PP-7713-v3_0_1.nc,40.8354,-76.1558
2024-12-16_park_place_schuylkill_county,ARIA_S1_GUNW,2025-02-16,0.4574218819481642,/scratch/rjn5308/sinkholes/outputs/sinkhole_event_discovery/2024-12-16_park_place_schuylkill_county/downloads/aria_s1_gunw/S1-GUNW-A-R-106-tops-20250216_20240808-225925-00077W_00039N-PP-a50e-v3_0_1.nc,40.8354,-76.1558
2024-12-16_park_place_schuylkill_county,ARIA_S1_GUNW,2025-02-28,29.29618023519805,/scratch/rjn5308/sinkholes/outputs/sinkhole_event_discovery/2024-12-16_park_place_schuylkill_county/downloads/aria_s1_gunw/S1-GUNW-A-R-106-tops-20250228_20240808-225924-00077W_00039N-PP-cb4a-v3_0_1.nc,40.8354,-76.1558
