event_id,dataset,date,disp_mm,n_pairs
2018-03-01_west_whiteland_chester,ARIA_S1_GUNW,2016-07-03,11.146414944767827,1
2018-03-01_west_whiteland_chester,ARIA_S1_GUNW,2017-04-11,53.36477034572308,1
2018-03-01_west_whiteland_chester,ARIA_S1_GUNW,2017-04-17,18.840831507852485,2
2018-03-01_west_whiteland_chester,ARIA_S1_GUNW,2017-04-23,-17.86696549133671,1
2018-03-01_west_whiteland_chester,ARIA_S1_GUNW,2017-04-29,-13.154982803947323,2
2018-03-01_west_whiteland_chester,ARIA_S1_GUNW,2017-05-05,-8.43218753089747,2
2018-03-01_west_whiteland_chester,ARIA_S1_GUNW,2017-05-11,-11.639438432708614,2
2018-03-01_west_whiteland_chester,ARIA_S1_GUNW,2017-05-17,-12.372564129725289,2
2018-03-01_west_whiteland_chester,ARIA_S1_GUNW,2017-05-23,-10.661151974680251,2
2018-03-01_west_whiteland_chester,ARIA_S1_GUNW,2017-05-29,-16.58098318757536,2
2018-03-01_west_whiteland_chester,ARIA_S1_GUNW,2017-06-04,23.228113917666,2
2018-03-01_west_whiteland_chester,ARIA_S1_GUNW,2017-06-10,4.101979132945786,2
2018-03-01_west_whiteland_chester,ARIA_S1_GUNW,2017-06-16,14.152235146278688,2
2018-03-01_west_whiteland_chester,ARIA_S1_GUNW,2017-06-22,2.2960829362847672,2
2018-03-01_west_whiteland_chester,ARIA_S1_GUNW,2017-06-28,-4.94066708978796,2
2018-03-01_west_whiteland_chester,ARIA_S1_GUNW,2017-07-04,-7.965447120923711,3
2018-03-01_west_whiteland_chester,ARIA_S1_GUNW,2017-07-10,-1.5805123835719286,3
2018-03-01_west_whiteland_chester,ARIA_S1_GUNW,2017-07-16,-7.908977507432256,4
2018-03-01_west_whiteland_chester,ARIA_S1_GUNW,2017-07-22,-7.211006850991878,4
2018-03-01_west_whiteland_chester,ARIA_S1_GUNW,2017-07-28,-34.72427813308312,3
2018-03-01_west_whiteland_chester,ARIA_S1_GUNW,2017-08-03,2.351744381872243,4
2018-03-01_west_whiteland_chester,ARIA_S1_GUNW,2017-08-09,11.053739409178023,3
2018-03-01_west_whiteland_chester,ARIA_S1_GUNW,2017-08-15,6.279312457238953,5
2018-03-01_west_whiteland_chester,ARIA_S1_GUNW,2017-08-21,-1.9967243823064968,3
2018-03-01_west_whiteland_chester,ARIA_S1_GUNW,2017-08-27,5.891095710594536,4
2018-03-01_west_whiteland_chester,ARIA_S1_GUNW,2017-09-02,-0.38272831256295203,4
2018-03-01_west_whiteland_chester,ARIA_S1_GUNW,2017-09-08,-0.6282639371235863,4
2018-03-01_west_whiteland_chester,ARIA_S1_GUNW,2017-09-14,6.540340686843591,5
2018-03-01_west_whiteland_chester,ARIA_S1_GUNW,2017-09-20,6.296092865991842,4
2018-03-01_west_whiteland_chester,ARIA_S1_GUNW,2017-09-26,8.767455574540744,4
2018-03-01_west_whiteland_chester,ARIA_S1_GUNW,2017-10-02,-0.7157504819513966,6
2018-03-01_west_whiteland_chester,ARIA_S1_GUNW,2017-10-08,-41.69603042993423,3
2018-03-01_west_whiteland_chester,ARIA_S1_GUNW,2017-10-14,13.238427324644293,6
2018-03-01_west_whiteland_chester,ARIA_S1_GUNW,2017-10-20,19.980349305453174,5
2018-03-01_west_whiteland_chester,ARIA_S1_GUNW,2017-10-26,-10.227178446092426,8
2018-03-01_west_whiteland_chester,ARIA_S1_GUNW,2017-11-01,-28.249257946137387,5
2018-03-01_west_whiteland_chester,ARIA_S1_GUNW,2017-11-07,-3.6958197425986166,8
2018-03-01_west_whiteland_chester,ARIA_S1_GUNW,2017-11-13,11.980080940989726,5
2018-03-01_west_whiteland_chester,ARIA_S1_GUNW,2017-11-19,23.230479454078107,7
2018-03-01_west_whiteland_chester,ARIA_S1_GUNW,2017-11-25,26.26420487724812,4
2018-03-01_west_whiteland_chester,ARIA_S1_GUNW,2017-12-01,34.461799939695055,6
2018-03-01_west_whiteland_chester,ARIA_S1_GUNW,2017-12-07,29.59427046573613,4
2018-03-01_west_whiteland_chester,ARIA_S1_GUNW,2017-12-13,0.9738350850080482,6
2018-03-01_west_whiteland_chester,ARIA_S1_GUNW,2017-12-19,-1.7224063975016721,3
2018-03-01_west_whiteland_chester,ARIA_S1_GUNW,2017-12-25,-8.952446787243236,6
2018-03-01_west_whiteland_chester,ARIA_S1_GUNW,2017-12-31,-15.216806558777296,3
2018-03-01_west_whiteland_chester,ARIA_S1_GUNW,2018-01-06,-6.210738225975232,6
2018-03-01_west_whiteland_chester,ARIA_S1_GUNW,2018-01-12,-7.975247275558697,3
2018-03-01_west_whiteland_chester,ARIA_S1_GUNW,2018-01-18,12.049086897127236,6
2018-03-01_west_whiteland_chester,ARIA_S1_GUNW,2018-01-24,17.781035393652967,3
2018-03-01_west_whiteland_chester,ARIA_S1_GUNW,2018-01-30,21.582234439499473,6
2018-03-01_west_whiteland_chester,ARIA_S1_GUNW,2018-02-05,24.6457494054546,3
2018-03-01_west_whiteland_chester,ARIA_S1_GUNW,2018-02-11,12.444211504999133,6
2018-03-01_west_whiteland_chester,ARIA_S1_GUNW,2018-02-17,9.89742540801199,3
2018-03-01_west_whiteland_chester,ARIA_S1_GUNW,2018-02-23,4.235559284092619,5
2018-03-01_west_whiteland_chester,ARIA_S1_GUNW,2018-03-01,-8.935361275363082,2
2018-03-01_west_whiteland_chester,ARIA_S1_GUNW,2018-03-07,-9.98414314034352,4
2018-03-01_west_whiteland_chester,ARIA_S1_GUNW,2018-03-13,-9.992409618689063,2
2018-03-01_west_whiteland_chester,ARIA_S1_GUNW,2018-03-19,-29.70741923723096,4
2018-03-01_west_whiteland_chester,ARIA_S1_GUNW,2018-03-25,-23.424692468032838,2
2018-03-01_west_whiteland_chester,ARIA_S1_GUNW,2018-03-31,11.25511668681576,4
2018-03-01_west_whiteland_chester,ARIA_S1_GUNW,2018-04-06,45.81130774198018,2
2018-03-01_west_whiteland_chester,ARIA_S1_GUNW,2018-04-12,36.07347101304512,4
2018-03-01_west_whiteland_chester,ARIA_S1_GUNW,2018-04-18,37.566054465417054,2
2018-03-01_west_whiteland_chester,ARIA_S1_GUNW,2018-04-24,-22.019452749059436,4
2018-03-01_west_whiteland_chester,ARIA_S1_GUNW,2018-04-30,-70.41931596956573,2
2018-03-01_west_whiteland_chester,ARIA_S1_GUNW,2018-05-06,-47.72164397704172,4
2018-03-01_west_whiteland_chester,ARIA_S1_GUNW,2018-05-12,-40.947318411986316,2
2018-03-01_west_whiteland_chester,ARIA_S1_GUNW,2018-05-18,29.394496624809516,2
2018-07-26_codorus_creek_york,ARIA_S1_GUNW,2017-12-13,-29.721922034027738,1
2018-07-26_codorus_creek_york,ARIA_S1_GUNW,2017-12-25,-16.96243133058878,1
2018-07-26_codorus_creek_york,ARIA_S1_GUNW,2017-12-30,-23.52718500605758,2
2018-07-26_codorus_creek_york,ARIA_S1_GUNW,2017-12-31,-6.307201357591902,2
2018-07-26_codorus_creek_york,ARIA_S1_GUNW,2018-01-06,4.667012223859397,1
2018-07-26_codorus_creek_york,ARIA_S1_GUNW,2018-01-11,-55.579135660806024,3
2018-07-26_codorus_creek_york,ARIA_S1_GUNW,2018-01-17,-37.036746081315634,1
2018-07-26_codorus_creek_york,ARIA_S1_GUNW,2018-01-23,-27.69531070759265,2
2018-07-26_codorus_creek_york,ARIA_S1_GUNW,2018-01-24,16.23815809945975,1
2018-07-26_codorus_creek_york,ARIA_S1_GUNW,2018-01-29,9.186077598409172,2
2018-07-26_codorus_creek_york,ARIA_S1_GUNW,2018-01-30,32.33860438808114,1
2018-07-26_codorus_creek_york,ARIA_S1_GUNW,2018-02-04,-57.75076231935897,2
2018-07-26_codorus_creek_york,ARIA_S1_GUNW,2018-02-05,44.207641479582634,1
2018-07-26_codorus_creek_york,ARIA_S1_GUNW,2018-02-10,-93.71032535692392,2
2018-07-26_codorus_creek_york,ARIA_S1_GUNW,2018-02-16,-153.67831079943278,2
2018-07-26_codorus_creek_york,ARIA_S1_GUNW,2018-02-17,33.40514594018672,1
2018-07-26_codorus_creek_york,ARIA_S1_GUNW,2018-02-22,-51.12445520676299,1
2018-07-26_codorus_creek_york,ARIA_S1_GUNW,2018-02-28,-57.866864720783,1
2018-07-26_codorus_creek_york,ARIA_S1_GUNW,2018-03-01,-48.37696232192685,1
2018-07-26_codorus_creek_york,ARIA_S1_GUNW,2018-03-06,69.41825128600132,1
2018-07-26_codorus_creek_york,ARIA_S1_GUNW,2018-03-12,5.99265240598128,1
2018-07-26_codorus_creek_york,ARIA_S1_GUNW,2018-03-18,-12.840260109399686,1
2018-07-26_codorus_creek_york,ARIA_S1_GUNW,2018-03-24,-46.25918123202273,1
2018-07-26_codorus_creek_york,ARIA_S1_GUNW,2018-03-25,149.46406108656473,1
2018-07-26_codorus_creek_york,ARIA_S1_GUNW,2018-03-30,2.761490634278187,4
2018-07-26_codorus_creek_york,ARIA_S1_GUNW,2018-03-31,23.99959205179375,1
2018-07-26_codorus_creek_york,ARIA_S1_GUNW,2018-04-05,-46.87085535113039,6
2018-07-26_codorus_creek_york,ARIA_S1_GUNW,2018-04-06,3.392649077728315,2
2018-07-26_codorus_creek_york,ARIA_S1_GUNW,2018-04-11,14.389660661137091,9
2018-07-26_codorus_creek_york,ARIA_S1_GUNW,2018-04-12,-38.85640956300675,3
2018-07-26_codorus_creek_york,ARIA_S1_GUNW,2018-04-17,-34.61076259288074,8
2018-07-26_codorus_creek_york,ARIA_S1_GUNW,2018-04-18,-2.7497704967922463,2
2018-07-26_codorus_creek_york,ARIA_S1_GUNW,2018-04-23,-49.98877028365154,4
2018-07-26_codorus_creek_york,ARIA_S1_GUNW,2018-04-24,-17.642826572716,2
2018-07-26_codorus_creek_york,ARIA_S1_GUNW,2018-04-29,37.17047128149019,5
2018-07-26_codorus_creek_york,ARIA_S1_GUNW,2018-04-30,3.6471285477478226,2
2018-07-26_codorus_creek_york,ARIA_S1_GUNW,2018-05-05,23.724496962216108,3
2018-07-26_codorus_creek_york,ARIA_S1_GUNW,2018-05-06,-8.384250785135379,2
2018-07-26_codorus_creek_york,ARIA_S1_GUNW,2018-05-11,-0.8871588140592124,2
2018-07-26_codorus_creek_york,ARIA_S1_GUNW,2018-05-12,-38.70518792258132,1
2018-07-26_codorus_creek_york,ARIA_S1_GUNW,2018-05-17,47.23891238889704,2
2018-07-26_codorus_creek_york,ARIA_S1_GUNW,2018-05-18,-47.811520671864386,1
2018-07-26_codorus_creek_york,ARIA_S1_GUNW,2018-05-23,-50.65804913677247,2
2018-07-26_codorus_creek_york,ARIA_S1_GUNW,2018-05-29,66.45031757463411,2
2018-07-26_codorus_creek_york,ARIA_S1_GUNW,2018-05-30,-0.3171521999501885,1
2018-07-26_codorus_creek_york,ARIA_S1_GUNW,2018-06-04,67.17933240846233,2
2018-07-26_codorus_creek_york,ARIA_S1_GUNW,2018-06-05,27.28206787035287,1
2018-07-26_codorus_creek_york,ARIA_S1_GUNW,2018-06-11,29.162962574997074,2
2018-07-26_codorus_creek_york,ARIA_S1_GUNW,2018-06-16,-69.43491376015456,2
2018-07-26_codorus_creek_york,ARIA_S1_GUNW,2018-06-17,-10.463465813089963,2
2018-07-26_codorus_creek_york,ARIA_S1_GUNW,2018-06-22,-22.085161801343705,4
2018-07-26_codorus_creek_york,ARIA_S1_GUNW,2018-06-23,3.3209976550337794,4
2018-07-26_codorus_creek_york,ARIA_S1_GUNW,2018-06-28,20.94580405784256,7
2018-07-26_codorus_creek_york,ARIA_S1_GUNW,2018-06-29,3.044903938438628,2
2018-07-26_codorus_creek_york,ARIA_S1_GUNW,2018-07-04,-18.9708649338624,7
2018-07-26_codorus_creek_york,ARIA_S1_GUNW,2018-07-05,2.3279391644679848,4
2018-07-26_codorus_creek_york,ARIA_S1_GUNW,2018-07-10,5.224452221931829,10
2018-07-26_codorus_creek_york,ARIA_S1_GUNW,2018-07-11,23.39923123035432,3
2018-07-26_codorus_creek_york,ARIA_S1_GUNW,2018-07-16,57.26534771907182,5
2018-07-26_codorus_creek_york,ARIA_S1_GUNW,2018-07-17,15.180505867804214,5
2018-07-26_codorus_creek_york,ARIA_S1_GUNW,2018-07-22,9.882888389121554,8
2018-07-26_codorus_creek_york,ARIA_S1_GUNW,2018-07-23,4.219289311028925,2
2018-07-26_codorus_creek_york,ARIA_S1_GUNW,2018-07-28,-73.90749078969735,3
2018-07-26_codorus_creek_york,ARIA_S1_GUNW,2018-07-29,-11.557874152811053,4
2018-07-26_codorus_creek_york,ARIA_S1_GUNW,2018-08-03,-73.64576021743216,6
2018-07-26_codorus_creek_york,ARIA_S1_GUNW,2018-08-04,-33.092126452915544,2
2018-07-26_codorus_creek_york,ARIA_S1_GUNW,2018-08-09,-80.50995826536025,3
2018-07-26_codorus_creek_york,ARIA_S1_GUNW,2018-08-10,-34.13216115075805,2
2018-07-26_codorus_creek_york,ARIA_S1_GUNW,2018-08-15,-32.30529839354965,6
2018-07-26_codorus_creek_york,ARIA_S1_GUNW,2018-08-16,20.350724231947684,2
2018-07-26_codorus_creek_york,ARIA_S1_GUNW,2018-08-21,37.148114250952965,3
2018-07-26_codorus_creek_york,ARIA_S1_GUNW,2018-08-22,13.326287548410118,2
2018-07-26_codorus_creek_york,ARIA_S1_GUNW,2018-08-27,75.25042050002693,3
2018-07-26_codorus_creek_york,ARIA_S1_GUNW,2018-08-28,28.182898937320573,4
2018-07-26_codorus_creek_york,ARIA_S1_GUNW,2018-09-02,11.357099842138808,3
2018-07-26_codorus_creek_york,ARIA_S1_GUNW,2018-09-03,28.055937865580155,2
2018-07-26_codorus_creek_york,ARIA_S1_GUNW,2018-09-08,22.196028748932434,3
2018-07-26_codorus_creek_york,ARIA_S1_GUNW,2018-09-09,25.505739562608838,2
2018-07-26_codorus_creek_york,ARIA_S1_GUNW,2018-09-14,-25.395964036560798,6
2018-07-26_codorus_creek_york,ARIA_S1_GUNW,2018-09-15,6.1140384354186015,2
2018-07-26_codorus_creek_york,ARIA_S1_GUNW,2018-09-20,-24.66641744404657,3
2018-07-26_codorus_creek_york,ARIA_S1_GUNW,2018-09-21,-10.948616903255976,2
2018-07-26_codorus_creek_york,ARIA_S1_GUNW,2018-09-26,27.687019484040928,3
2018-07-26_codorus_creek_york,ARIA_S1_GUNW,2018-09-27,-13.513284965541352,4
2018-07-26_codorus_creek_york,ARIA_S1_GUNW,2018-10-02,-1.4732814018104903,3
2018-07-26_codorus_creek_york,ARIA_S1_GUNW,2018-10-03,8.002375392445032,2
2018-07-26_codorus_creek_york,ARIA_S1_GUNW,2018-10-08,84.3584927846551,3
2018-07-26_codorus_creek_york,ARIA_S1_GUNW,2018-10-09,24.46360941964722,2
2018-07-26_codorus_creek_york,ARIA_S1_GUNW,2018-10-14,86.07311865754112,3
2018-08-10_tanger_outlets_lancaster,ARIA_S1_GUNW,2017-12-13,-15.143217474558904,1
2018-08-10_tanger_outlets_lancaster,ARIA_S1_GUNW,2017-12-25,-10.975665651209724,1
2018-08-10_tanger_outlets_lancaster,ARIA_S1_GUNW,2017-12-31,-9.36609996054827,2
2018-08-10_tanger_outlets_lancaster,ARIA_S1_GUNW,2018-01-06,-2.557467865404029,1
2018-08-10_tanger_outlets_lancaster,ARIA_S1_GUNW,2018-01-12,-11.709765361661166,1
2018-08-10_tanger_outlets_lancaster,ARIA_S1_GUNW,2018-02-04,-17.121917869878505,1
2018-08-10_tanger_outlets_lancaster,ARIA_S1_GUNW,2018-02-10,-87.1190048069047,1
2018-08-10_tanger_outlets_lancaster,ARIA_S1_GUNW,2018-02-16,-115.52251278550902,2
2018-08-10_tanger_outlets_lancaster,ARIA_S1_GUNW,2018-02-17,77.51563247536713,1
2018-08-10_tanger_outlets_lancaster,ARIA_S1_GUNW,2018-02-22,-45.41257928439965,1
2018-08-10_tanger_outlets_lancaster,ARIA_S1_GUNW,2018-02-28,-60.003388988134496,1
2018-08-10_tanger_outlets_lancaster,ARIA_S1_GUNW,2018-03-01,-44.52299859909723,1
2018-08-10_tanger_outlets_lancaster,ARIA_S1_GUNW,2018-03-06,118.40141008607621,1
2018-08-10_tanger_outlets_lancaster,ARIA_S1_GUNW,2018-03-12,47.2439477751079,1
2018-08-10_tanger_outlets_lancaster,ARIA_S1_GUNW,2018-03-18,-23.597887851546574,1
2018-08-10_tanger_outlets_lancaster,ARIA_S1_GUNW,2018-03-24,-57.648235032746825,1
2018-08-10_tanger_outlets_lancaster,ARIA_S1_GUNW,2018-03-25,154.17991192352451,1
2018-08-10_tanger_outlets_lancaster,ARIA_S1_GUNW,2018-03-30,-69.69722558151807,2
2018-08-10_tanger_outlets_lancaster,ARIA_S1_GUNW,2018-04-05,-70.86599115983665,4
2018-08-10_tanger_outlets_lancaster,ARIA_S1_GUNW,2018-04-06,-15.816753556130388,1
2018-08-10_tanger_outlets_lancaster,ARIA_S1_GUNW,2018-04-11,24.37824635573064,6
2018-08-10_tanger_outlets_lancaster,ARIA_S1_GUNW,2018-04-12,-5.1680626354901475,1
2018-08-10_tanger_outlets_lancaster,ARIA_S1_GUNW,2018-04-17,11.618207045805724,9
2018-08-10_tanger_outlets_lancaster,ARIA_S1_GUNW,2018-04-18,13.02139185967864,2
2018-08-10_tanger_outlets_lancaster,ARIA_S1_GUNW,2018-04-23,-2.421367125436145,7
2018-08-10_tanger_outlets_lancaster,ARIA_S1_GUNW,2018-04-24,3.696994086904695,3
2018-08-10_tanger_outlets_lancaster,ARIA_S1_GUNW,2018-04-29,4.164597666926227,7
2018-08-10_tanger_outlets_lancaster,ARIA_S1_GUNW,2018-04-30,-4.4266046484093655,3
2018-08-10_tanger_outlets_lancaster,ARIA_S1_GUNW,2018-05-05,57.35540552774397,4
2018-08-10_tanger_outlets_lancaster,ARIA_S1_GUNW,2018-05-06,12.44217608016735,3
2018-08-10_tanger_outlets_lancaster,ARIA_S1_GUNW,2018-05-11,76.4998954640189,3
2018-08-10_tanger_outlets_lancaster,ARIA_S1_GUNW,2018-05-12,-22.21435389034348,2
2018-08-10_tanger_outlets_lancaster,ARIA_S1_GUNW,2018-05-17,58.284487986010475,3
2018-08-10_tanger_outlets_lancaster,ARIA_S1_GUNW,2018-05-18,-54.90154241840844,1
2018-08-10_tanger_outlets_lancaster,ARIA_S1_GUNW,2018-05-23,-53.731342671118874,2
2018-08-10_tanger_outlets_lancaster,ARIA_S1_GUNW,2018-05-24,4.04222288222918,1
2018-08-10_tanger_outlets_lancaster,ARIA_S1_GUNW,2018-05-29,55.88485583874769,2
2018-08-10_tanger_outlets_lancaster,ARIA_S1_GUNW,2018-05-30,-2.340625886890959,1
2018-08-10_tanger_outlets_lancaster,ARIA_S1_GUNW,2018-06-04,52.12779013137103,2
2018-08-10_tanger_outlets_lancaster,ARIA_S1_GUNW,2018-06-05,19.526138936653417,1
2018-08-10_tanger_outlets_lancaster,ARIA_S1_GUNW,2018-06-11,6.080743760502699,2
2018-08-10_tanger_outlets_lancaster,ARIA_S1_GUNW,2018-06-16,-156.98541388957278,2
2018-08-10_tanger_outlets_lancaster,ARIA_S1_GUNW,2018-06-17,-24.75319519666543,2
2018-08-10_tanger_outlets_lancaster,ARIA_S1_GUNW,2018-06-22,-55.68037145825305,4
2018-08-10_tanger_outlets_lancaster,ARIA_S1_GUNW,2018-06-23,-7.703451195809292,2
2018-08-10_tanger_outlets_lancaster,ARIA_S1_GUNW,2018-06-28,-77.98375702095281,4
2018-08-10_tanger_outlets_lancaster,ARIA_S1_GUNW,2018-06-29,0.8373198628366412,2
2018-08-10_tanger_outlets_lancaster,ARIA_S1_GUNW,2018-07-04,-21.44440522055519,4
2018-08-10_tanger_outlets_lancaster,ARIA_S1_GUNW,2018-07-05,-0.3963350169997515,2
2018-08-10_tanger_outlets_lancaster,ARIA_S1_GUNW,2018-07-10,-12.149722491700942,5
2018-08-10_tanger_outlets_lancaster,ARIA_S1_GUNW,2018-07-11,7.249601861871118,2
2018-08-10_tanger_outlets_lancaster,ARIA_S1_GUNW,2018-07-16,38.86965825169455,4
2018-08-10_tanger_outlets_lancaster,ARIA_S1_GUNW,2018-07-17,22.838094456426646,4
2018-08-10_tanger_outlets_lancaster,ARIA_S1_GUNW,2018-07-22,31.149589860194414,7
2018-08-10_tanger_outlets_lancaster,ARIA_S1_GUNW,2018-07-23,3.822819248382678,3
2018-08-10_tanger_outlets_lancaster,ARIA_S1_GUNW,2018-07-28,-23.058516065935915,5
2018-08-10_tanger_outlets_lancaster,ARIA_S1_GUNW,2018-07-29,-0.737270782298789,6
2018-08-10_tanger_outlets_lancaster,ARIA_S1_GUNW,2018-08-03,3.890237299374645,8
2018-08-10_tanger_outlets_lancaster,ARIA_S1_GUNW,2018-08-04,63.88080063654827,3
2018-08-10_tanger_outlets_lancaster,ARIA_S1_GUNW,2018-08-09,-58.58504852521663,3
2018-08-10_tanger_outlets_lancaster,ARIA_S1_GUNW,2018-08-10,-16.043309081056805,3
2018-08-10_tanger_outlets_lancaster,ARIA_S1_GUNW,2018-08-15,-49.826157424483085,6
2018-08-10_tanger_outlets_lancaster,ARIA_S1_GUNW,2018-08-16,130.1226393226177,2
2018-08-10_tanger_outlets_lancaster,ARIA_S1_GUNW,2018-08-21,-35.33539206284236,3
2018-08-10_tanger_outlets_lancaster,ARIA_S1_GUNW,2018-08-22,4.140213108963438,2
2018-08-10_tanger_outlets_lancaster,ARIA_S1_GUNW,2018-08-27,66.48563477528494,3
2018-08-10_tanger_outlets_lancaster,ARIA_S1_GUNW,2018-08-28,10.277995096206002,4
2018-08-10_tanger_outlets_lancaster,ARIA_S1_GUNW,2018-09-02,-112.66942631446933,3
2018-08-10_tanger_outlets_lancaster,ARIA_S1_GUNW,2018-09-03,-0.5687469942686159,2
2018-08-10_tanger_outlets_lancaster,ARIA_S1_GUNW,2018-09-08,-27.840924136608827,3
2018-08-10_tanger_outlets_lancaster,ARIA_S1_GUNW,2018-09-09,25.716337588511315,2
2018-08-10_tanger_outlets_lancaster,ARIA_S1_GUNW,2018-09-14,-57.19110788858025,6
2018-08-10_tanger_outlets_lancaster,ARIA_S1_GUNW,2018-09-15,-12.981718976246276,2
2018-08-10_tanger_outlets_lancaster,ARIA_S1_GUNW,2018-09-20,-20.175017210006622,3
2018-08-10_tanger_outlets_lancaster,ARIA_S1_GUNW,2018-09-21,2.644669182243579,2
2018-08-10_tanger_outlets_lancaster,ARIA_S1_GUNW,2018-09-26,46.005137468485984,3
2018-08-10_tanger_outlets_lancaster,ARIA_S1_GUNW,2018-09-27,-10.608769532158572,4
2018-08-10_tanger_outlets_lancaster,ARIA_S1_GUNW,2018-10-02,39.120654669414854,3
2018-08-10_tanger_outlets_lancaster,ARIA_S1_GUNW,2018-10-03,19.859263114205636,2
2018-08-10_tanger_outlets_lancaster,ARIA_S1_GUNW,2018-10-08,147.120683743344,3
2018-08-10_tanger_outlets_lancaster,ARIA_S1_GUNW,2018-10-09,4.839584765268634,4
2018-08-10_tanger_outlets_lancaster,ARIA_S1_GUNW,2018-10-14,132.13177316257685,6
2018-08-10_tanger_outlets_lancaster,ARIA_S1_GUNW,2018-10-15,-17.09733271779753,2
2018-08-10_tanger_outlets_lancaster,ARIA_S1_GUNW,2018-10-20,115.26625353627848,3
2018-08-10_tanger_outlets_lancaster,ARIA_S1_GUNW,2018-10-21,-3.6859015217405267,4
2018-08-10_tanger_outlets_lancaster,ARIA_S1_GUNW,2018-10-26,16.589010374512196,3
2018-08-10_tanger_outlets_lancaster,ARIA_S1_GUNW,2018-10-27,6.821155078011426,2
2018-08-10_tanger_outlets_lancaster,ARIA_S1_GUNW,2018-11-02,17.256360154538548,2
2020-08-28_packer_twp_carbon_county,ARIA_S1_GUNW,2019-11-21,10.420294773568983,1
2020-08-28_packer_twp_carbon_county,ARIA_S1_GUNW,2019-11-27,-15.017419164262098,1
2020-08-28_packer_twp_carbon_county,ARIA_S1_GUNW,2019-12-03,-20.93871745198746,3
2020-08-28_packer_twp_carbon_county,ARIA_S1_GUNW,2019-12-09,-23.88462319141029,2
2020-08-28_packer_twp_carbon_county,ARIA_S1_GUNW,2019-12-15,-55.45781886529663,4
2020-08-28_packer_twp_carbon_county,ARIA_S1_GUNW,2019-12-21,1.397333888845595,2
2020-08-28_packer_twp_carbon_county,ARIA_S1_GUNW,2019-12-27,-61.5858059628417,2
2020-08-28_packer_twp_carbon_county,ARIA_S1_GUNW,2020-01-02,19.940306296915598,1
2020-08-28_packer_twp_carbon_county,ARIA_S1_GUNW,2020-01-14,-12.850508836708414,1
2020-08-28_packer_twp_carbon_county,ARIA_S1_GUNW,2020-01-26,-25.820034744232675,1
2020-08-28_packer_twp_carbon_county,ARIA_S1_GUNW,2020-02-07,-19.74365035196773,1
2020-08-28_packer_twp_carbon_county,ARIA_S1_GUNW,2020-02-19,14.386112093272052,1
2020-08-28_packer_twp_carbon_county,ARIA_S1_GUNW,2020-02-25,26.345450233557518,1
2020-08-28_packer_twp_carbon_county,ARIA_S1_GUNW,2020-03-02,8.803765479154425,2
2020-08-28_packer_twp_carbon_county,ARIA_S1_GUNW,2020-03-08,28.184061172270432,3
2020-08-28_packer_twp_carbon_county,ARIA_S1_GUNW,2020-03-14,-45.30777754479389,3
2020-08-28_packer_twp_carbon_county,ARIA_S1_GUNW,2020-03-20,-27.314265069049974,4
2020-08-28_packer_twp_carbon_county,ARIA_S1_GUNW,2020-03-26,-62.0548908330247,3
2020-08-28_packer_twp_carbon_county,ARIA_S1_GUNW,2020-04-01,-40.631011497749384,4
2020-08-28_packer_twp_carbon_county,ARIA_S1_GUNW,2020-04-07,-36.534580555925515,3
2020-08-28_packer_twp_carbon_county,ARIA_S1_GUNW,2020-04-13,-35.37020277650713,4
2020-08-28_packer_twp_carbon_county,ARIA_S1_GUNW,2020-04-19,-8.868908287412156,3
2020-08-28_packer_twp_carbon_county,ARIA_S1_GUNW,2020-04-25,-24.846466459931694,4
2020-08-28_packer_twp_carbon_county,ARIA_S1_GUNW,2020-05-01,25.55020459214025,3
2020-08-28_packer_twp_carbon_county,ARIA_S1_GUNW,2020-05-07,13.13621744795079,4
2020-08-28_packer_twp_carbon_county,ARIA_S1_GUNW,2020-05-13,20.535162099720484,4
2020-08-28_packer_twp_carbon_county,ARIA_S1_GUNW,2020-05-19,9.782510776484624,5
2020-08-28_packer_twp_carbon_county,ARIA_S1_GUNW,2020-05-25,-19.23527009437006,6
2020-08-28_packer_twp_carbon_county,ARIA_S1_GUNW,2020-05-31,-21.099247501886754,7
2020-08-28_packer_twp_carbon_county,ARIA_S1_GUNW,2020-06-06,-33.286226797208094,6
2020-08-28_packer_twp_carbon_county,ARIA_S1_GUNW,2020-06-12,-13.454029673626469,7
2020-08-28_packer_twp_carbon_county,ARIA_S1_GUNW,2020-06-18,-42.9399498318918,7
2020-08-28_packer_twp_carbon_county,ARIA_S1_GUNW,2020-06-24,-33.686019825148136,10
2020-08-28_packer_twp_carbon_county,ARIA_S1_GUNW,2020-06-30,-29.682237041239155,7
2020-08-28_packer_twp_carbon_county,ARIA_S1_GUNW,2020-07-06,8.887319247304214,10
2020-08-28_packer_twp_carbon_county,ARIA_S1_GUNW,2020-07-12,27.100187445963517,7
2020-08-28_packer_twp_carbon_county,ARIA_S1_GUNW,2020-07-18,37.463857816878985,10
2020-08-28_packer_twp_carbon_county,ARIA_S1_GUNW,2020-07-24,29.424065566714,5
2020-08-28_packer_twp_carbon_county,ARIA_S1_GUNW,2020-07-30,17.909054981074792,10
2020-08-28_packer_twp_carbon_county,ARIA_S1_GUNW,2020-08-05,10.230426386027057,7
2020-08-28_packer_twp_carbon_county,ARIA_S1_GUNW,2020-08-11,-23.491302351120822,10
2020-08-28_packer_twp_carbon_county,ARIA_S1_GUNW,2020-08-17,-56.47008944180459,5
2020-08-28_packer_twp_carbon_county,ARIA_S1_GUNW,2020-08-23,-38.998696604519765,6
2020-08-28_packer_twp_carbon_county,ARIA_S1_GUNW,2020-08-29,10.2299830782908,3
2020-08-28_packer_twp_carbon_county,ARIA_S1_GUNW,2020-09-04,18.701047944113693,6
2020-08-28_packer_twp_carbon_county,ARIA_S1_GUNW,2020-09-10,16.579251286389596,3
2020-08-28_packer_twp_carbon_county,ARIA_S1_GUNW,2020-09-16,14.740153867453047,6
2020-08-28_packer_twp_carbon_county,ARIA_S1_GUNW,2020-09-22,-12.033044106116026,3
2020-08-28_packer_twp_carbon_county,ARIA_S1_GUNW,2020-09-28,-12.433095774110033,6
2020-08-28_packer_twp_carbon_county,ARIA_S1_GUNW,2020-10-04,16.38824883131335,3
2020-08-28_packer_twp_carbon_county,ARIA_S1_GUNW,2020-10-10,24.960202535202992,6
2020-08-28_packer_twp_carbon_county,ARIA_S1_GUNW,2020-10-16,48.41658413546561,3
2020-08-28_packer_twp_carbon_county,ARIA_S1_GUNW,2020-10-22,22.40005139440962,6
2020-08-28_packer_twp_carbon_county,ARIA_S1_GUNW,2020-10-28,-8.970437341877101,3
2020-08-28_packer_twp_carbon_county,ARIA_S1_GUNW,2020-11-03,-32.62477480015269,6
2020-08-28_packer_twp_carbon_county,ARIA_S1_GUNW,2020-11-09,-31.776557569709137,3
2020-08-28_packer_twp_carbon_county,ARIA_S1_GUNW,2020-11-15,10.316683962822381,3
2023-08-16_eisenhower_parking_deck_penn_state,ARIA_S1_GUNW,2022-05-14,-177.40591828671518,1
2023-08-16_eisenhower_parking_deck_penn_state,ARIA_S1_GUNW,2022-05-20,-193.29047897271766,1
2023-08-16_eisenhower_parking_deck_penn_state,ARIA_S1_GUNW,2022-05-26,-200.81243197859905,1
2023-08-16_eisenhower_parking_deck_penn_state,ARIA_S1_GUNW,2022-06-19,-35.06605892084853,1
2023-08-16_eisenhower_parking_deck_penn_state,ARIA_S1_GUNW,2022-06-25,-189.11744740243387,1
2023-08-16_eisenhower_parking_deck_penn_state,ARIA_S1_GUNW,2022-07-01,-76.2661764651501,2
2023-08-16_eisenhower_parking_deck_penn_state,ARIA_S1_GUNW,2022-07-07,-46.83918359319431,1
2023-08-16_eisenhower_parking_deck_penn_state,ARIA_S1_GUNW,2022-07-13,-1.7673331620505355,1
2023-08-16_eisenhower_parking_deck_penn_state,ARIA_S1_GUNW,2022-07-25,105.8111923877245,1
2023-08-16_eisenhower_parking_deck_penn_state,ARIA_S1_GUNW,2022-07-31,73.33010404946842,2
2023-08-16_eisenhower_parking_deck_penn_state,ARIA_S1_GUNW,2022-08-06,57.421969079382094,5
2023-08-16_eisenhower_parking_deck_penn_state,ARIA_S1_GUNW,2022-08-12,-22.73018824643273,5
2023-08-16_eisenhower_parking_deck_penn_state,ARIA_S1_GUNW,2022-08-18,-23.408244803329012,7
2023-08-16_eisenhower_parking_deck_penn_state,ARIA_S1_GUNW,2022-08-24,-2.9717550029940014,6
2023-08-16_eisenhower_parking_deck_penn_state,ARIA_S1_GUNW,2022-08-30,9.654306965609608,8
2023-08-16_eisenhower_parking_deck_penn_state,ARIA_S1_GUNW,2022-09-05,22.661655608175142,5
2023-08-16_eisenhower_parking_deck_penn_state,ARIA_S1_GUNW,2022-09-11,2.938504290306106,6
2023-08-16_eisenhower_parking_deck_penn_state,ARIA_S1_GUNW,2022-09-17,12.891937576792097,3
2023-08-16_eisenhower_parking_deck_penn_state,ARIA_S1_GUNW,2022-09-23,18.28680845420796,4
2023-08-16_eisenhower_parking_deck_penn_state,ARIA_S1_GUNW,2022-09-29,63.39988650482349,2
2023-08-16_eisenhower_parking_deck_penn_state,ARIA_S1_GUNW,2022-10-05,2.0198261382510116,3
2023-08-16_eisenhower_parking_deck_penn_state,ARIA_S1_GUNW,2022-10-11,11.362105744699758,2
2023-08-16_eisenhower_parking_deck_penn_state,ARIA_S1_GUNW,2022-10-17,-34.70378699639065,3
2023-08-16_eisenhower_parking_deck_penn_state,ARIA_S1_GUNW,2022-10-23,30.210102305975862,2
2023-08-16_eisenhower_parking_deck_penn_state,ARIA_S1_GUNW,2022-10-29,62.079538111368,4
2023-08-16_eisenhower_parking_deck_penn_state,ARIA_S1_GUNW,2022-11-04,122.4003912469987,2
2023-08-16_eisenhower_parking_deck_penn_state,ARIA_S1_GUNW,2022-11-10,48.74429069234554,5
2023-08-16_eisenhower_parking_deck_penn_state,ARIA_S1_GUNW,2022-11-16,59.45935457388692,4
2023-08-16_eisenhower_parking_deck_penn_state,ARIA_S1_GUNW,2022-11-22,31.098947479511597,5
2023-08-16_eisenhower_parking_deck_penn_state,ARIA_S1_GUNW,2022-11-28,11.64445249592266,2
2023-08-16_eisenhower_parking_deck_penn_state,ARIA_S1_GUNW,2022-12-04,-0.4893309240355296,3
2023-08-16_eisenhower_parking_deck_penn_state,ARIA_S1_GUNW,2022-12-10,-38.94707178650221,2
2023-08-16_eisenhower_parking_deck_penn_state,ARIA_S1_GUNW,2022-12-16,8.775427084763676,2
2023-08-16_eisenhower_parking_deck_penn_state,ARIA_S1_GUNW,2022-12-22,-6.518718115085549,1
2023-08-16_eisenhower_parking_deck_penn_state,ARIA_S1_GUNW,2022-12-28,10.855548117968352,2
2023-08-16_eisenhower_parking_deck_penn_state,ARIA_S1_GUNW,2023-01-03,32.144500095085476,2
2023-08-16_eisenhower_parking_deck_penn_state,ARIA_S1_GUNW,2023-01-09,29.525305312864134,2
2023-08-16_eisenhower_parking_deck_penn_state,ARIA_S1_GUNW,2023-01-15,34.85430629415555,2
2023-08-16_eisenhower_parking_deck_penn_state,ARIA_S1_GUNW,2023-01-21,2.207302927940276,2
2023-08-16_eisenhower_parking_deck_penn_state,ARIA_S1_GUNW,2023-01-27,6.068976756846679,2
2023-08-16_eisenhower_parking_deck_penn_state,ARIA_S1_GUNW,2023-02-02,22.956292039722918,4
2023-08-16_eisenhower_parking_deck_penn_state,ARIA_S1_GUNW,2023-02-08,41.010820402476774,2
2023-08-16_eisenhower_parking_deck_penn_state,ARIA_S1_GUNW,2023-02-14,6.6320727456360435,3
2023-08-16_eisenhower_parking_deck_penn_state,ARIA_S1_GUNW,2023-02-20,2.6400018151629308,1
2023-08-16_eisenhower_parking_deck_penn_state,ARIA_S1_GUNW,2023-02-26,-21.83930817455896,3
2023-08-16_eisenhower_parking_deck_penn_state,ARIA_S1_GUNW,2023-03-04,-21.51870454484034,2
2023-08-16_eisenhower_parking_deck_penn_state,ARIA_S1_GUNW,2023-03-10,9.416469156787324,4
2023-08-16_eisenhower_parking_deck_penn_state,ARIA_S1_GUNW,2023-03-16,57.77159883595047,2
2023-08-16_eisenhower_parking_deck_penn_state,ARIA_S1_GUNW,2023-03-22,3.3730290578486337,3
2023-08-16_eisenhower_parking_deck_penn_state,ARIA_S1_GUNW,2023-03-28,10.360346089387294,1
2023-08-16_eisenhower_parking_deck_penn_state,ARIA_S1_GUNW,2023-04-03,3.2204814429175515,3
2023-08-16_eisenhower_parking_deck_penn_state,ARIA_S1_GUNW,2023-04-09,-45.43439347443152,2
2023-08-16_eisenhower_parking_deck_penn_state,ARIA_S1_GUNW,2023-04-15,-8.250656155410459,3
2023-08-16_eisenhower_parking_deck_penn_state,ARIA_S1_GUNW,2023-04-21,2.425756503817572,1
2023-08-16_eisenhower_parking_deck_penn_state,ARIA_S1_GUNW,2023-04-27,32.70646557017333,3
2023-08-16_eisenhower_parking_deck_penn_state,ARIA_S1_GUNW,2023-05-03,30.949035755532496,2
2023-08-16_eisenhower_parking_deck_penn_state,ARIA_S1_GUNW,2023-05-09,-53.53630937990397,4
2023-08-16_eisenhower_parking_deck_penn_state,ARIA_S1_GUNW,2023-05-15,-90.170613116737,2
2023-08-16_eisenhower_parking_deck_penn_state,ARIA_S1_GUNW,2023-05-21,-81.92823133707832,4
2023-08-16_eisenhower_parking_deck_penn_state,ARIA_S1_GUNW,2023-05-27,-69.96344819844563,2
2023-08-16_eisenhower_parking_deck_penn_state,ARIA_S1_GUNW,2023-06-02,-71.1786447339526,4
2023-08-16_eisenhower_parking_deck_penn_state,ARIA_S1_GUNW,2023-06-08,-58.582706681023204,2
2023-08-16_eisenhower_parking_deck_penn_state,ARIA_S1_GUNW,2023-06-14,-167.93159167891528,3
2023-08-16_eisenhower_parking_deck_penn_state,ARIA_S1_GUNW,2023-06-20,-111.45680143767703,2
2023-08-16_eisenhower_parking_deck_penn_state,ARIA_S1_GUNW,2023-06-26,-60.49521575578489,2
2023-08-16_eisenhower_parking_deck_penn_state,ARIA_S1_GUNW,2023-07-02,-67.43555585611794,1
2023-08-16_eisenhower_parking_deck_penn_state,ARIA_S1_GUNW,2023-07-08,59.05200636065559,1
2023-08-16_eisenhower_parking_deck_penn_state,ARIA_S1_GUNW,2023-07-14,-35.29618302040244,1
2023-08-16_eisenhower_parking_deck_penn_state,ARIA_S1_GUNW,2023-07-20,-45.77073402774409,1
2023-08-16_eisenhower_parking_deck_penn_state,ARIA_S1_GUNW,2023-07-26,59.55340531114787,1
2023-08-16_eisenhower_parking_deck_penn_state,ARIA_S1_GUNW,2023-08-01,21.522986518497067,1
2023-08-16_eisenhower_parking_deck_penn_state,ARIA_S1_GUNW,2023-08-07,38.734936925347796,1
2023-08-16_eisenhower_parking_deck_penn_state,ARIA_S1_GUNW,2023-08-13,-28.317390449146096,1
2023-08-16_eisenhower_parking_deck_penn_state,ARIA_S1_GUNW,2023-08-19,6.516942778165532,1
2023-08-16_eisenhower_parking_deck_penn_state,ARIA_S1_GUNW,2023-08-25,-13.702027972695813,2
2023-08-16_eisenhower_parking_deck_penn_state,ARIA_S1_GUNW,2023-08-31,-5.965433205676451,1
2023-08-16_eisenhower_parking_deck_penn_state,ARIA_S1_GUNW,2023-09-06,-39.50153077697051,2
2023-08-16_eisenhower_parking_deck_penn_state,ARIA_S1_GUNW,2023-09-12,-45.24173416897931,1
2023-08-16_eisenhower_parking_deck_penn_state,ARIA_S1_GUNW,2023-09-18,-14.940664799627593,2
2023-08-16_eisenhower_parking_deck_penn_state,ARIA_S1_GUNW,2023-09-24,-12.140527804876756,1
2023-08-16_eisenhower_parking_deck_penn_state,ARIA_S1_GUNW,2023-09-30,18.377015787104693,2
2023-08-16_eisenhower_parking_deck_penn_state,ARIA_S1_GUNW,2023-10-06,20.92587732244851,1
2023-08-16_eisenhower_parking_deck_penn_state,ARIA_S1_GUNW,2023-10-12,35.35749005845531,2
2023-08-16_eisenhower_parking_deck_penn_state,ARIA_S1_GUNW,2023-10-18,52.87465520924913,1
2023-08-16_eisenhower_parking_deck_penn_state,ARIA_S1_GUNW,2023-10-24,19.036559770815458,2
2023-08-16_eisenhower_parking_deck_penn_state,ARIA_S1_GUNW,2023-10-30,-15.096382696665398,1
2023-08-16_eisenhower_parking_deck_penn_state,ARIA_S1_GUNW,2023-11-05,-40.25684081457489,1
2023-10-30_130_sickler_hill_rd_luzerne,ARIA_S1_GUNW,2022-07-14,17.77260096380165,1
2023-10-30_130_sickler_hill_rd_luzerne,ARIA_S1_GUNW,2022-07-20,0.9360260552571696,1
2023-10-30_130_sickler_hill_rd_luzerne,ARIA_S1_GUNW,2022-07-26,-3.3432505714322405,1
2023-10-30_130_sickler_hill_rd_luzerne,ARIA_S1_GUNW,2022-08-01,18.149176670419376,3
2023-10-30_130_sickler_hill_rd_luzerne,ARIA_S1_GUNW,2022-08-07,4.3882959102794175,2
2023-10-30_130_sickler_hill_rd_luzerne,ARIA_S1_GUNW,2022-08-13,-7.3876252336116295,4
2023-10-30_130_sickler_hill_rd_luzerne,ARIA_S1_GUNW,2022-08-19,-8.230819976941152,3
2023-10-30_130_sickler_hill_rd_luzerne,ARIA_S1_GUNW,2022-08-25,1.647901197707923,6
2023-10-30_130_sickler_hill_rd_luzerne,ARIA_S1_GUNW,2022-08-31,2.6594691847613996,5
2023-10-30_130_sickler_hill_rd_luzerne,ARIA_S1_GUNW,2022-09-06,-1.4018655521625598,6
2023-10-30_130_sickler_hill_rd_luzerne,ARIA_S1_GUNW,2022-09-12,10.959736187977885,4
2023-10-30_130_sickler_hill_rd_luzerne,ARIA_S1_GUNW,2022-09-18,-2.361997584377831,4
2023-10-30_130_sickler_hill_rd_luzerne,ARIA_S1_GUNW,2022-09-24,-7.620594768629418,2
2023-10-30_130_sickler_hill_rd_luzerne,ARIA_S1_GUNW,2022-09-30,11.23658542310216,2
2023-10-30_130_sickler_hill_rd_luzerne,ARIA_S1_GUNW,2022-10-06,4.927313365597326,1
2023-10-30_130_sickler_hill_rd_luzerne,ARIA_S1_GUNW,2022-10-12,-3.215127791235708,3
2023-10-30_130_sickler_hill_rd_luzerne,ARIA_S1_GUNW,2022-10-18,8.460720702781625,2
2023-10-30_130_sickler_hill_rd_luzerne,ARIA_S1_GUNW,2022-10-24,9.940399933741334,3
2023-10-30_130_sickler_hill_rd_luzerne,ARIA_S1_GUNW,2022-10-30,-46.823696253087796,1
2023-10-30_130_sickler_hill_rd_luzerne,ARIA_S1_GUNW,2022-11-05,-35.946120599177675,2
2023-10-30_130_sickler_hill_rd_luzerne,ARIA_S1_GUNW,2022-11-11,-30.34639205719947,1
2023-10-30_130_sickler_hill_rd_luzerne,ARIA_S1_GUNW,2022-11-17,-12.285611581181916,3
2023-10-30_130_sickler_hill_rd_luzerne,ARIA_S1_GUNW,2022-11-23,16.434533423239657,2
2023-10-30_130_sickler_hill_rd_luzerne,ARIA_S1_GUNW,2022-11-29,4.647641860734094,4
2023-10-30_130_sickler_hill_rd_luzerne,ARIA_S1_GUNW,2022-12-05,-4.192640566700618,2
2023-10-30_130_sickler_hill_rd_luzerne,ARIA_S1_GUNW,2022-12-11,-16.071729213602012,4
2023-10-30_130_sickler_hill_rd_luzerne,ARIA_S1_GUNW,2022-12-17,-12.970023970610363,2
2023-10-30_130_sickler_hill_rd_luzerne,ARIA_S1_GUNW,2022-12-23,0.32859053988369924,4
2023-10-30_130_sickler_hill_rd_luzerne,ARIA_S1_GUNW,2022-12-29,-17.654657413739038,2
2023-10-30_130_sickler_hill_rd_luzerne,ARIA_S1_GUNW,2023-01-04,-4.679769167386081,4
2023-10-30_130_sickler_hill_rd_luzerne,ARIA_S1_GUNW,2023-01-10,12.745077937073171,2
2023-10-30_130_sickler_hill_rd_luzerne,ARIA_S1_GUNW,2023-01-16,20.548935176181814,3
2023-10-30_130_sickler_hill_rd_luzerne,ARIA_S1_GUNW,2023-01-22,7.348976117273266,1
2023-10-30_130_sickler_hill_rd_luzerne,ARIA_S1_GUNW,2023-01-28,-1.5842162670927795,2
2023-10-30_130_sickler_hill_rd_luzerne,ARIA_S1_GUNW,2023-02-03,-19.535032469053448,1
2023-10-30_130_sickler_hill_rd_luzerne,ARIA_S1_GUNW,2023-02-09,-0.09607095958573986,2
2023-10-30_130_sickler_hill_rd_luzerne,ARIA_S1_GUNW,2023-02-15,-12.790503291201885,1
2023-10-30_130_sickler_hill_rd_luzerne,ARIA_S1_GUNW,2023-02-21,16.102577535315408,3
2023-10-30_130_sickler_hill_rd_luzerne,ARIA_S1_GUNW,2023-02-27,44.24876169432969,2
2023-10-30_130_sickler_hill_rd_luzerne,ARIA_S1_GUNW,2023-03-05,9.241496593625449,4
2023-10-30_130_sickler_hill_rd_luzerne,ARIA_S1_GUNW,2023-03-11,-4.9379527512674555,2
2023-10-30_130_sickler_hill_rd_luzerne,ARIA_S1_GUNW,2023-03-17,15.653389522006233,4
2023-10-30_130_sickler_hill_rd_luzerne,ARIA_S1_GUNW,2023-03-23,46.64659955089751,2
2023-10-30_130_sickler_hill_rd_luzerne,ARIA_S1_GUNW,2023-03-29,-15.241997968409695,4
2023-10-30_130_sickler_hill_rd_luzerne,ARIA_S1_GUNW,2023-04-04,6.714650131129198,2
2023-10-30_130_sickler_hill_rd_luzerne,ARIA_S1_GUNW,2023-04-10,-33.7575166232099,4
2023-10-30_130_sickler_hill_rd_luzerne,ARIA_S1_GUNW,2023-04-16,-10.345627430153618,2
2023-10-30_130_sickler_hill_rd_luzerne,ARIA_S1_GUNW,2023-04-22,-34.747218518693714,3
2023-10-30_130_sickler_hill_rd_luzerne,ARIA_S1_GUNW,2023-04-28,-50.432229650106486,1
2023-10-30_130_sickler_hill_rd_luzerne,ARIA_S1_GUNW,2023-05-04,-17.085509247686975,2
2023-10-30_130_sickler_hill_rd_luzerne,ARIA_S1_GUNW,2023-05-10,-6.6734925353260035,1
2023-10-30_130_sickler_hill_rd_luzerne,ARIA_S1_GUNW,2023-05-16,7.653359001093681,3
2023-10-30_130_sickler_hill_rd_luzerne,ARIA_S1_GUNW,2023-05-22,24.866250252273026,2
2023-10-30_130_sickler_hill_rd_luzerne,ARIA_S1_GUNW,2023-05-28,7.043231720619174,4
2023-10-30_130_sickler_hill_rd_luzerne,ARIA_S1_GUNW,2023-06-03,-20.622064631357745,2
2023-10-30_130_sickler_hill_rd_luzerne,ARIA_S1_GUNW,2023-06-09,-27.483788685161517,4
2023-10-30_130_sickler_hill_rd_luzerne,ARIA_S1_GUNW,2023-06-15,-38.01822519743503,2
2023-10-30_130_sickler_hill_rd_luzerne,ARIA_S1_GUNW,2023-06-21,-33.69726994356655,3
2023-10-30_130_sickler_hill_rd_luzerne,ARIA_S1_GUNW,2023-06-27,-33.17025601922119,1
2023-10-30_130_sickler_hill_rd_luzerne,ARIA_S1_GUNW,2023-07-03,-25.458472533347795,2
2023-10-30_130_sickler_hill_rd_luzerne,ARIA_S1_GUNW,2023-07-09,-30.44827491546343,1
2023-10-30_130_sickler_hill_rd_luzerne,ARIA_S1_GUNW,2023-07-15,8.916290618804124,1
2023-10-30_130_sickler_hill_rd_luzerne,ARIA_S1_GUNW,2023-07-27,-26.169597109601245,1
2023-10-30_130_sickler_hill_rd_luzerne,ARIA_S1_GUNW,2023-08-02,16.684911210805446,1
2023-10-30_130_sickler_hill_rd_luzerne,ARIA_S1_GUNW,2023-08-08,30.633095280944527,2
2023-10-30_130_sickler_hill_rd_luzerne,ARIA_S1_GUNW,2023-08-14,45.850592599519885,1
2023-10-30_130_sickler_hill_rd_luzerne,ARIA_S1_GUNW,2023-08-20,-0.7533577987848727,1
2023-10-30_130_sickler_hill_rd_luzerne,ARIA_S1_GUNW,2023-09-01,29.43152282416806,1
2023-10-30_130_sickler_hill_rd_luzerne,ARIA_S1_GUNW,2023-09-07,-7.274082908039786,1
2023-10-30_130_sickler_hill_rd_luzerne,ARIA_S1_GUNW,2023-09-13,-12.472616895719383,2
2023-10-30_130_sickler_hill_rd_luzerne,ARIA_S1_GUNW,2023-09-19,-44.05581753030889,1
2023-10-30_130_sickler_hill_rd_luzerne,ARIA_S1_GUNW,2023-09-25,3.6096364014218354,2
2023-10-30_130_sickler_hill_rd_luzerne,ARIA_S1_GUNW,2023-10-01,10.98748859482653,1
2023-10-30_130_sickler_hill_rd_luzerne,ARIA_S1_GUNW,2023-10-07,27.41007113646849,3
2023-10-30_130_sickler_hill_rd_luzerne,ARIA_S1_GUNW,2023-10-13,18.163476240629226,3
2023-10-30_130_sickler_hill_rd_luzerne,ARIA_S1_GUNW,2023-10-19,26.822055540444403,4
2023-10-30_130_sickler_hill_rd_luzerne,ARIA_S1_GUNW,2023-10-25,19.103508715877496,2
2023-10-30_130_sickler_hill_rd_luzerne,ARIA_S1_GUNW,2023-10-31,-13.01852839180387,2
2023-10-30_130_sickler_hill_rd_luzerne,ARIA_S1_GUNW,2023-11-06,-17.027934523817372,1
2023-10-30_130_sickler_hill_rd_luzerne,ARIA_S1_GUNW,2023-11-12,-8.888776845246998,2
2023-10-30_130_sickler_hill_rd_luzerne,ARIA_S1_GUNW,2023-11-18,-2.8204933490436837,1
2023-10-30_130_sickler_hill_rd_luzerne,ARIA_S1_GUNW,2023-11-24,-1.9344659700500433,2
2023-10-30_130_sickler_hill_rd_luzerne,ARIA_S1_GUNW,2023-11-30,-1.7058426409263017,1
2023-10-30_130_sickler_hill_rd_luzerne,ARIA_S1_GUNW,2023-12-06,-7.889756668531533,2
2023-10-30_130_sickler_hill_rd_luzerne,ARIA_S1_GUNW,2023-12-12,16.45294333014422,1
2023-10-30_130_sickler_hill_rd_luzerne,ARIA_S1_GUNW,2023-12-18,-15.585232835247567,2
2023-10-30_130_sickler_hill_rd_luzerne,ARIA_S1_GUNW,2023-12-24,-18.90916197251064,1
2023-10-30_130_sickler_hill_rd_luzerne,ARIA_S1_GUNW,2023-12-30,-2.5607434462604566,2
2023-10-30_130_sickler_hill_rd_luzerne,ARIA_S1_GUNW,2024-01-05,-9.671382687996628,1
2023-10-30_130_sickler_hill_rd_luzerne,ARIA_S1_GUNW,2024-01-11,12.942832937721079,2
2023-10-30_130_sickler_hill_rd_luzerne,ARIA_S1_GUNW,2024-01-17,12.086429519228641,1
2023-10-30_130_sickler_hill_rd_luzerne,ARIA_S1_GUNW,2024-01-23,1.5864782158598665,1
2024-12-02_marguerite_westmoreland_county,ARIA_S1_GUNW,2023-09-29,4.064187411676888,1
2024-12-02_marguerite_westmoreland_county,ARIA_S1_GUNW,2023-10-05,1.7830637422688707,2
2024-12-02_marguerite_westmoreland_county,ARIA_S1_GUNW,2023-10-11,59.71663522098958,1
2024-12-02_marguerite_westmoreland_county,ARIA_S1_GUNW,2023-10-17,43.70013098965752,3
2024-12-02_marguerite_westmoreland_county,ARIA_S1_GUNW,2023-10-23,65.27599011635614,2
2024-12-02_marguerite_westmoreland_county,ARIA_S1_GUNW,2023-11-04,99.65148088286851,2
2024-12-02_marguerite_westmoreland_county,ARIA_S1_GUNW,2023-11-10,-41.713747997559494,2
2024-12-02_marguerite_westmoreland_county,ARIA_S1_GUNW,2023-11-16,90.17192724513332,2
2024-12-02_marguerite_westmoreland_county,ARIA_S1_GUNW,2023-11-22,19.357386107389704,4
2024-12-02_marguerite_westmoreland_county,ARIA_S1_GUNW,2023-11-28,-35.98676381058856,2
2024-12-02_marguerite_westmoreland_county,ARIA_S1_GUNW,2023-12-28,44.95043149584718,1
2024-12-02_marguerite_westmoreland_county,ARIA_S1_GUNW,2024-01-03,30.580970293865875,1
2024-12-02_marguerite_westmoreland_county,ARIA_S1_GUNW,2024-01-09,14.128306005408371,3
2024-12-02_marguerite_westmoreland_county,ARIA_S1_GUNW,2024-01-15,1.4730805444454296,2
2024-12-02_marguerite_westmoreland_county,ARIA_S1_GUNW,2024-01-21,-3.637046192463628,2
2024-12-02_marguerite_westmoreland_county,ARIA_S1_GUNW,2024-01-27,22.457305483586374,4
2024-12-02_marguerite_westmoreland_county,ARIA_S1_GUNW,2024-02-02,3.706837150780186,4
2024-12-02_marguerite_westmoreland_county,ARIA_S1_GUNW,2024-02-08,7.256117098612101,6
2024-12-02_marguerite_westmoreland_county,ARIA_S1_GUNW,2024-02-14,-9.000779176604414,6
2024-12-02_marguerite_westmoreland_county,ARIA_S1_GUNW,2024-02-20,4.294020886681608,2
2024-12-02_marguerite_westmoreland_county,ARIA_S1_GUNW,2024-02-26,15.487766566454049,8
2024-12-02_marguerite_westmoreland_county,ARIA_S1_GUNW,2024-03-03,-24.417695216073007,2
2024-12-02_marguerite_westmoreland_county,ARIA_S1_GUNW,2024-03-09,0.9689048659234532,2
2024-12-02_marguerite_westmoreland_county,ARIA_S1_GUNW,2024-03-15,31.416047293333808,4
2024-12-02_marguerite_westmoreland_county,ARIA_S1_GUNW,2024-03-21,48.85771534656458,2
2024-12-02_marguerite_westmoreland_county,ARIA_S1_GUNW,2024-03-27,48.634030265555104,2
2024-12-02_marguerite_westmoreland_county,ARIA_S1_GUNW,2024-04-02,16.670568599731652,2
2024-12-02_marguerite_westmoreland_county,ARIA_S1_GUNW,2024-04-08,15.181588865444922,2
2024-12-02_marguerite_westmoreland_county,ARIA_S1_GUNW,2024-04-14,1.8875569565379955,4
2024-12-02_marguerite_westmoreland_county,ARIA_S1_GUNW,2024-04-20,-10.129810271722047,2
2024-12-02_marguerite_westmoreland_county,ARIA_S1_GUNW,2024-04-26,-5.893435712059841,4
2024-12-02_marguerite_westmoreland_county,ARIA_S1_GUNW,2024-05-02,-27.51359770821533,4
2024-12-02_marguerite_westmoreland_county,ARIA_S1_GUNW,2024-05-08,7.622416963493053,4
2024-12-02_marguerite_westmoreland_county,ARIA_S1_GUNW,2024-05-14,18.329947904104028,4
2024-12-02_marguerite_westmoreland_county,ARIA_S1_GUNW,2024-05-20,-29.67221944468603,6
2024-12-02_marguerite_westmoreland_county,ARIA_S1_GUNW,2024-05-26,-5.172508217079229,6
2024-12-02_marguerite_westmoreland_county,ARIA_S1_GUNW,2024-06-01,22.024725583950882,6
2024-12-02_marguerite_westmoreland_county,ARIA_S1_GUNW,2024-06-07,-1.0992393147340884,4
2024-12-02_marguerite_westmoreland_county,ARIA_S1_GUNW,2024-06-13,-8.185065564219611,2
2024-12-02_marguerite_westmoreland_county,ARIA_S1_GUNW,2024-06-19,1.6406714020061512,2
2024-12-02_marguerite_westmoreland_county,ARIA_S1_GUNW,2024-06-25,7.825870995721837,4
2024-12-02_marguerite_westmoreland_county,ARIA_S1_GUNW,2024-07-01,-1.069645232753114,2
2024-12-02_marguerite_westmoreland_county,ARIA_S1_GUNW,2024-07-07,-12.86672280399961,2
2024-12-02_marguerite_westmoreland_county,ARIA_S1_GUNW,2024-07-13,-39.72726075969925,2
2024-12-02_marguerite_westmoreland_county,ARIA_S1_GUNW,2024-07-19,-65.22755479746714,2
2024-12-02_marguerite_westmoreland_county,ARIA_S1_GUNW,2024-07-25,-20.74674098347645,4
2024-12-02_marguerite_westmoreland_county,ARIA_S1_GUNW,2024-07-31,10.443420484979056,2
2024-12-02_marguerite_westmoreland_county,ARIA_S1_GUNW,2024-08-06,-14.566368810940967,2
2024-12-02_marguerite_westmoreland_county,ARIA_S1_GUNW,2024-08-12,50.16955349506897,2
2024-12-02_marguerite_westmoreland_county,ARIA_S1_GUNW,2024-08-18,24.320193575537377,2
2024-12-02_marguerite_westmoreland_county,ARIA_S1_GUNW,2024-08-24,11.780351325537985,4
2024-12-02_marguerite_westmoreland_county,ARIA_S1_GUNW,2024-08-30,-15.388659383232302,2
2024-12-02_marguerite_westmoreland_county,ARIA_S1_GUNW,2024-09-05,10.338087513181033,4
2024-12-02_marguerite_westmoreland_county,ARIA_S1_GUNW,2024-09-11,40.87588374018688,2
2024-12-02_marguerite_westmoreland_county,ARIA_S1_GUNW,2024-09-17,42.12173642718901,4
2024-12-02_marguerite_westmoreland_county,ARIA_S1_GUNW,2024-09-23,56.82283814733921,2
2024-12-02_marguerite_westmoreland_county,ARIA_S1_GUNW,2024-09-29,31.24905716514015,4
2024-12-02_marguerite_westmoreland_county,ARIA_S1_GUNW,2024-10-05,6.261554349595059,2
2024-12-02_marguerite_westmoreland_county,ARIA_S1_GUNW,2024-10-11,-30.429683368215628,4
2024-12-02_marguerite_westmoreland_county,ARIA_S1_GUNW,2024-10-17,-55.88995861615836,2
2024-12-02_marguerite_westmoreland_county,ARIA_S1_GUNW,2024-10-23,-40.21825829969573,4
2024-12-02_marguerite_westmoreland_county,ARIA_S1_GUNW,2024-10-29,-12.976830021109224,2
2024-12-02_marguerite_westmoreland_county,ARIA_S1_GUNW,2024-11-04,14.215698702725508,4
2024-12-02_marguerite_westmoreland_county,ARIA_S1_GUNW,2024-11-10,72.27434298335757,4
2024-12-02_marguerite_westmoreland_county,ARIA_S1_GUNW,2024-11-16,51.11333776476919,8
2024-12-02_marguerite_westmoreland_county,ARIA_S1_GUNW,2024-11-22,38.52284944863076,4
2024-12-02_marguerite_westmoreland_county,ARIA_S1_GUNW,2024-11-28,9.804260759729807,6
2024-12-02_marguerite_westmoreland_county,ARIA_S1_GUNW,2024-12-04,-26.188145484361666,2
2024-12-02_marguerite_westmoreland_county,ARIA_S1_GUNW,2024-12-10,-25.62552794676627,4
2024-12-02_marguerite_westmoreland_county,ARIA_S1_GUNW,2024-12-16,-26.657602059131122,2
2024-12-02_marguerite_westmoreland_county,ARIA_S1_GUNW,2024-12-22,-0.7741658847139519,4
2024-12-02_marguerite_westmoreland_county,ARIA_S1_GUNW,2024-12-28,72.28741055819587,2
2024-12-02_marguerite_westmoreland_county,ARIA_S1_GUNW,2025-01-03,67.33941177971288,4
2024-12-02_marguerite_westmoreland_county,ARIA_S1_GUNW,2025-01-09,34.2021750791771,2
2024-12-02_marguerite_westmoreland_county,ARIA_S1_GUNW,2025-01-15,8.192385670052184,4
2024-12-02_marguerite_westmoreland_county,ARIA_S1_GUNW,2025-01-21,0.08797716090663305,2
2024-12-02_marguerite_westmoreland_county,ARIA_S1_GUNW,2025-01-27,-2.022791087795812,4
2024-12-02_marguerite_westmoreland_county,ARIA_S1_GUNW,2025-02-02,9.147663561529521,2
2024-12-02_marguerite_westmoreland_county,ARIA_S1_GUNW,2025-02-08,14.352178518192325,4
2024-12-02_marguerite_westmoreland_county,ARIA_S1_GUNW,2025-02-14,-6.112468957554258,2
2024-12-02_marguerite_westmoreland_county,ARIA_S1_GUNW,2025-02-20,-20.555230988426636,2
2024-12-16_park_place_schuylkill_county,ARIA_S1_GUNW,2023-11-12,35.001639251754405,1
2024-12-16_park_place_schuylkill_county,ARIA_S1_GUNW,2023-11-30,-3.1682311503267497,1
2024-12-16_park_place_schuylkill_county,ARIA_S1_GUNW,2023-12-06,-4.876728372733099,3
2024-12-16_park_place_schuylkill_county,ARIA_S1_GUNW,2023-12-12,34.95537598282492,2
2024-12-16_park_place_schuylkill_county,ARIA_S1_GUNW,2023-12-18,-8.400156424525097,2
2024-12-16_park_place_schuylkill_county,ARIA_S1_GUNW,2024-01-17,-10.81616384360129,2
2024-12-16_park_place_schuylkill_county,ARIA_S1_GUNW,2024-01-23,11.56286886737984,4
2024-12-16_park_place_schuylkill_county,ARIA_S1_GUNW,2024-01-29,-16.99443635906767,4
2024-12-16_park_place_schuylkill_county,ARIA_S1_GUNW,2024-02-04,-1.9746974633495897,4
2024-12-16_park_place_schuylkill_county,ARIA_S1_GUNW,2024-02-10,8.972451706958946,2
2024-12-16_park_place_schuylkill_county,ARIA_S1_GUNW,2024-02-16,-3.58841396491267,3
2024-12-16_park_place_schuylkill_county,ARIA_S1_GUNW,2024-02-28,-12.851158817920357,4
2024-12-16_park_place_schuylkill_county,ARIA_S1_GUNW,2024-03-05,-14.357578238077167,4
2024-12-16_park_place_schuylkill_county,ARIA_S1_GUNW,2024-03-11,4.069633989505346,6
2024-12-16_park_place_schuylkill_county,ARIA_S1_GUNW,2024-03-17,10.366496984227837,2
2024-12-16_park_place_schuylkill_county,ARIA_S1_GUNW,2024-03-23,7.036043896340916,4
2024-12-16_park_place_schuylkill_county,ARIA_S1_GUNW,2024-03-29,13.122138017939537,2
2024-12-16_park_place_schuylkill_county,ARIA_S1_GUNW,2024-04-04,17.253340186397025,4
2024-12-16_park_place_schuylkill_county,ARIA_S1_GUNW,2024-04-10,19.000611830653884,2
2024-12-16_park_place_schuylkill_county,ARIA_S1_GUNW,2024-04-16,11.603488386572048,4
2024-12-16_park_place_schuylkill_county,ARIA_S1_GUNW,2024-04-22,2.395114830900476,2
2024-12-16_park_place_schuylkill_county,ARIA_S1_GUNW,2024-04-28,-8.272796533770173,6
2024-12-16_park_place_schuylkill_county,ARIA_S1_GUNW,2024-05-04,-5.7035246785242855,4
2024-12-16_park_place_schuylkill_county,ARIA_S1_GUNW,2024-05-10,-28.123907155526823,8
2024-12-16_park_place_schuylkill_county,ARIA_S1_GUNW,2024-05-16,-26.79076496398225,4
2024-12-16_park_place_schuylkill_county,ARIA_S1_GUNW,2024-05-22,-33.351569936337135,8
2024-12-16_park_place_schuylkill_county,ARIA_S1_GUNW,2024-05-28,-27.553800877796498,4
2024-12-16_park_place_schuylkill_county,ARIA_S1_GUNW,2024-06-03,2.2009149134777433,8
2024-12-16_park_place_schuylkill_county,ARIA_S1_GUNW,2024-06-09,9.618306195090957,4
2024-12-16_park_place_schuylkill_county,ARIA_S1_GUNW,2024-06-15,3.372675764090447,6
2024-12-16_park_place_schuylkill_county,ARIA_S1_GUNW,2024-06-21,43.33329541738745,2
2024-12-16_park_place_schuylkill_county,ARIA_S1_GUNW,2024-06-27,41.82379887983801,4
2024-12-16_park_place_schuylkill_county,ARIA_S1_GUNW,2024-07-03,37.17273204564635,2
2024-12-16_park_place_schuylkill_county,ARIA_S1_GUNW,2024-07-09,-16.465903368634393,4
2024-12-16_park_place_schuylkill_county,ARIA_S1_GUNW,2024-07-15,-47.605910121241656,2
2024-12-16_park_place_schuylkill_county,ARIA_S1_GUNW,2024-07-21,-31.645136306178124,4
2024-12-16_park_place_schuylkill_county,ARIA_S1_GUNW,2024-07-27,28.40588318933905,2
2024-12-16_park_place_schuylkill_county,ARIA_S1_GUNW,2024-08-02,14.725808492287072,4
2024-12-16_park_place_schuylkill_county,ARIA_S1_GUNW,2024-08-08,26.103015657175675,2
2024-12-16_park_place_schuylkill_county,ARIA_S1_GUNW,2024-08-14,18.877592551796933,4
2024-12-16_park_place_schuylkill_county,ARIA_S1_GUNW,2024-08-20,17.785903354851797,2
2024-12-16_park_place_schuylkill_county,ARIA_S1_GUNW,2024-08-26,-13.58269105692774,4
2024-12-16_park_place_schuylkill_county,ARIA_S1_GUNW,2024-09-01,21.329786478514496,2
2024-12-16_park_place_schuylkill_county,ARIA_S1_GUNW,2024-09-07,10.232839570123407,4
2024-12-16_park_place_schuylkill_county,ARIA_S1_GUNW,2024-09-13,-6.0247121898100175,2
2024-12-16_park_place_schuylkill_county,ARIA_S1_GUNW,2024-09-19,0.35112276121575037,4
2024-12-16_park_place_schuylkill_county,ARIA_S1_GUNW,2024-09-25,4.2407934216935494,2
2024-12-16_park_place_schuylkill_county,ARIA_S1_GUNW,2024-10-01,-5.836434997999563,4
2024-12-16_park_place_schuylkill_county,ARIA_S1_GUNW,2024-10-07,9.248601363514878,2
2024-12-16_park_place_schuylkill_county,ARIA_S1_GUNW,2024-10-13,16.94097249838653,4
2024-12-16_park_place_schuylkill_county,ARIA_S1_GUNW,2024-10-19,3.9746828163109935,2
2024-12-16_park_place_schuylkill_county,ARIA_S1_GUNW,2024-10-25,4.996432715325922,4
2024-12-16_park_place_schuylkill_county,ARIA_S1_GUNW,2024-10-31,-8.48099690714188,2
2024-12-16_park_place_schuylkill_county,ARIA_S1_GUNW,2024-11-06,-15.304632033955716,6
2024-12-16_park_place_schuylkill_county,ARIA_S1_GUNW,2024-11-12,-32.22583574507275,4
2024-12-16_park_place_schuylkill_county,ARIA_S1_GUNW,2024-11-18,-7.027683965355013,8
2024-12-16_park_place_schuylkill_county,ARIA_S1_GUNW,2024-11-24,-1.1988810207340226,4
2024-12-16_park_place_schuylkill_county,ARIA_S1_GUNW,2024-11-30,3.4127087527938698,6
2024-12-16_park_place_schuylkill_county,ARIA_S1_GUNW,2024-12-06,18.24920837666353,2
2024-12-16_park_place_schuylkill_county,ARIA_S1_GUNW,2024-12-12,16.181701911558882,4
2024-12-16_park_place_schuylkill_county,ARIA_S1_GUNW,2024-12-18,5.8976034365731405,2
2024-12-16_park_place_schuylkill_county,ARIA_S1_GUNW,2024-12-24,1.1876297177046733,4
2024-12-16_park_place_schuylkill_county,ARIA_S1_GUNW,2024-12-30,-6.657228616940416,2
2024-12-16_park_place_schuylkill_county,ARIA_S1_GUNW,2025-01-05,2.1956940040322452,4
2024-12-16_park_place_schuylkill_county,ARIA_S1_GUNW,2025-01-11,18.712381775038118,2
2024-12-16_park_place_schuylkill_county,ARIA_S1_GUNW,2025-01-17,-1.2844583676062546,4
2024-12-16_park_place_schuylkill_county,ARIA_S1_GUNW,2025-01-23,-11.73435551543275,2
2024-12-16_park_place_schuylkill_county,ARIA_S1_GUNW,2025-01-29,-14.434181499005845,4
2024-12-16_park_place_schuylkill_county,ARIA_S1_GUNW,2025-02-04,25.070712520030224,2
2024-12-16_park_place_schuylkill_county,ARIA_S1_GUNW,2025-02-10,-6.725585932779746,4
2024-12-16_park_place_schuylkill_county,ARIA_S1_GUNW,2025-02-16,6.229289759698147,2
2024-12-16_park_place_schuylkill_county,ARIA_S1_GUNW,2025-02-22,7.432436169535818,2
